"TAXON_NAME","growth_rate","trend","mean_rmni","Class","Family","life.form...systema"
"Acorus calamus",-62.5850340136054,"Strong decrease",8.46741007194245,"Liliopsida","Acoraceae","H"
"Agrostis stolonifera",394.550264550264,"Strong increase",7.6296042003231,"Liliopsida","Poaceae","A"
"Alisma lanceolatum",166.666666666667,"Strong increase",8.23591240875912,"Liliopsida","Alismataceae","A"
"Alisma plantago-aquatica",-84.0531164014834,"Strong decrease",8.03813523131673,"Liliopsida","Alismataceae","A"
"Alopecurus geniculatus",-99.2957746478873,"Strong decrease",7.62290909090909,"Liliopsida","Poaceae","SW"
"Amblystegium fluviatile",421.818181818182,"Strong increase",6.47087585034014,"Bryopsida","Amblystegiaceae","Hyd"
"Azolla filiculoides",44.6428571428572,"Weak increase",8.30953333333333,"Polypodiopsida","Azollaceae","Hyd"
"Berula erecta",106.780626780627,"Strong increase",7.86142647058823,"Rosopsida","Apiaceae","A"
"Butomus umbellatus",5.13231756214917,"Little change",8.32184590690209,"Liliopsida","Butomaceae","A"
"Callitriche obtusangula",11579.2452830189,"Strong increase",7.93126326963907,"Rosopsida","Callitrichaceae","Hyd"
"Callitriche stagnalis",-86.7027677496991,"Strong decrease",7.78508196721311,"Rosopsida","Callitrichaceae","A"
"Carex acuta",782.35294117647,"Strong increase",7.65605191256831,"Liliopsida","Cyperaceae","H"
"Carex acutiformis",184.546165884194,"Strong increase",7.8890081799591,"Liliopsida","Cyperaceae","H"
"Carex riparia",84.1053446940357,"Strong increase",8.13910491562729,"Liliopsida","Cyperaceae","H"
"Ceratophyllum demersum",67.5395792669703,"Strong increase",8.53359776536313,"Magnoliopsida","Ceratophyllaceae","Hyd"
"Chiloscyphus polyanthos",2816.16161616162,"Strong increase",5.59634591194969,"Marchantiopsida","Lophocoleaceae","Hyd"
"Cinclidotus fontinaloides",150.759878419453,"Strong increase",6.26309306569343,"Bryopsida","Pottiaceae","Hyd"
"Eleocharis palustris",8922.22222222222,"Strong increase",7.37063444108761,"Liliopsida","Cyperaceae","A"
"Elodea canadensis",172.768804799262,"Strong increase",7.94805416963649,"Liliopsida","Hydrocharitaceae","Hyd"
"Elodea nuttallii",275.528890075035,"Strong increase",8.33299095607235,"Liliopsida","Hydrocharitaceae","Hyd"
"Epilobium hirsutum",169.571428571429,"Strong increase",7.85916958202909,"Rosopsida","Onagraceae","H"
"Equisetum fluviatile",400,"Strong increase",7.257,"Sphenopsida","Equisetaceae","A"
"Equisetum palustre",-27.1929824561404,"Weak decrease",7.20484042553191,"Sphenopsida","Equisetaceae","A"
"Filipendula ulmaria",9.0566037735849,"Little change",7.62111380145278,"Rosopsida","Rosaceae","SW"
"Fontinalis antipyretica",37.8037006176513,"Weak increase",7.03371409028728,"Bryopsida","Fontinalaceae","Hyd"
"Fontinalis squamosa",518.790218790219,"Strong increase",5.4280612244898,"Bryopsida","Fontinalaceae","Hyd"
"Glyceria maxima",-16.6519062181447,"Weak decrease",8.29565816536405,"Liliopsida","Poaceae","H"
"Hippuris vulgaris",-19.7674418604651,"Weak decrease",7.67755852842809,"Rosopsida","Hippuridaceae","Hyd"
"Impatiens capensis",1140,"Strong increase",7.90270566727605,"Rosopsida","Balsaminaceae","SW"
"Impatiens glandulifera",-65.8919123204838,"Strong decrease",7.59984343770819,"Rosopsida","Balsaminaceae","SW"
"Iris pseudacorus",73.1568271591758,"Strong increase",7.79709318497914,"Liliopsida","Iridaceae","H"
"Juncus articulatus",311.111111111111,"Strong increase",6.35315151515151,"Liliopsida","Juncaceae","A"
"Juncus effusus",-92.9243607954545,"Strong decrease",7.25698275862069,"Liliopsida","Juncaceae","H"
"Lemna gibba",-65.8926829268293,"Strong decrease",8.2689905362776,"Liliopsida","Lemnaceae","Hyd"
"Lemna minor",18.7709357614775,"Weak increase",8.08128920308483,"Liliopsida","Lemnaceae","Hyd"
"Lemna trisulca",304.940923737916,"Strong increase",8.05736842105263,"Liliopsida","Lemnaceae","Hyd"
"Lycopus europaeus",68.3257918552036,"Strong increase",7.89723522167488,"Rosopsida","Lamiaceae","H"
"Mentha aquatica",204.114592250186,"Strong increase",7.62389226100152,"Rosopsida","Lamiaceae","A"
"Montia fontana",0,"Little change",5.6496875,"Rosopsida","PortuLacaceae","Hyd"
"Myosotis scorpioides",15.320308950477,"Weak increase",7.71203910614525,"Rosopsida","Boraginaceae","A"
"Myriophyllum alterniflorum",667.708333333333,"Strong increase",5.81242268041237,"Rosopsida","Haloragaceae","Hyd"
"Myriophyllum spicatum",-35.9632873021219,"Weak decrease",8.11253256904638,"Rosopsida","Haloragaceae","Hyd"
"Nuphar lutea",-28.0111804753657,"Weak decrease",8.36502894635276,"Magnoliopsida","Nymphaeaceae","Hyd"
"Oenanthe crocata",58.1448549723757,"Strong increase",7.08197582519758,"Rosopsida","Apiaceae","SW"
"Pellia endiviifolia",-91.8508624903974,"Strong decrease",7.24813126709207,"Marchantiopsida","Pelliaceae","A"
"Pellia epiphylla",960.655737704918,"Strong increase",5.70592261904762,"Marchantiopsida","Pelliaceae","Hyd"
"Persicaria amphibia",676.846785225718,"Strong increase",8.20820601851852,"Rosopsida","Polygonaceae","Hyd"
"Persicaria hydropiper",-33.4387351778656,"Weak decrease",7.56544819078947,"Rosopsida","Polygonaceae","A"
"Phalaris arundinacea",58.4375503284594,"Strong increase",7.76316925643967,"Liliopsida","Poaceae","H"
"Phragmites australis",71.6160479940007,"Strong increase",8.21911520190024,"Liliopsida","Poaceae","H"
"Potamogeton berchtoldii",831.016042780749,"Strong increase",7.86244186046512,"Liliopsida","Potamogetonaceae","Hyd"
"Potamogeton crispus",-40.2377003869541,"Weak decrease",8.07264458464774,"Liliopsida","Potamogetonaceae","Hyd"
"Potamogeton lucens",-56.9341126461212,"Strong decrease",8.49028037383178,"Liliopsida","Potamogetonaceae","Hyd"
"Potamogeton natans",-76.1469884757556,"Strong decrease",7.82788713910761,"Liliopsida","Potamogetonaceae","Hyd"
"Potamogeton perfoliatus",-31.5055315055315,"Weak decrease",8.34942961165049,"Liliopsida","Potamogetonaceae","Hyd"
"Potamogeton pusillus",7950,"Strong increase",8.22595041322314,"Liliopsida","Potamogetonaceae","Hyd"
"Pulicaria dysenterica",0,"Little change",7.75333333333333,"Rosopsida","Asteraceae","SW"
"Ranunculus circinatus",7400,"Strong increase",8.43558823529412,"Rosopsida","Ranunculaceae","Hyd"
"Ranunculus fluitans",-47.5973901362502,"Weak decrease",7.80777333333333,"Rosopsida","Ranunculaceae","Hyd"
"Ranunculus hederaceus",2466.66666666667,"Strong increase",7.37541666666667,"Rosopsida","Ranunculaceae","A"
"Ranunculus peltatus",-89.0167364016736,"Strong decrease",7.32342857142857,"Rosopsida","Ranunculaceae","Hyd"
"Ranunculus penicillatus",0,"Little change",7.02216216216216,"Rosopsida","Ranunculaceae","Hyd"
"Ranunculus penicillatus subsp. penicillatus",7400,"Strong increase",7.21609523809524,"Rosopsida","Ranunculaceae","Hyd"
"Ranunculus sceleratus",-73.6842105263158,"Strong decrease",8.25223792697291,"Rosopsida","Ranunculaceae","A"
"Ranunculus trichophyllus",-90.9090909090909,"Strong decrease",7.83081081081081,"Rosopsida","Ranunculaceae","Hyd"
"Rorippa amphibia",-68.6119507091374,"Strong decrease",8.19761904761905,"Rosopsida","Brassicaceae","A"
"Rumex hydrolapathum",12.517330164389,"Weak increase",7.98319042871386,"Rosopsida","Polygonaceae","H"
"Sagittaria sagittifolia",-15.3622265678294,"Weak decrease",8.44677274987568,"Liliopsida","Alismataceae","A"
"Schoenoplectus lacustris",-0.989573578073299,"Little change",8.25587951807229,"Liliopsida","Cyperaceae","A"
"Sparganium emersum",-53.4398439843984,"Strong decrease",8.12512151034344,"Liliopsida","Sparganiaceae","A"
"Sparganium erectum",-7.75593949471486,"Little change",8.02389623008162,"Liliopsida","Sparganiaceae","H"
"Spirodela polyrhiza",45.1689632545932,"Weak increase",8.43821282401091,"Liliopsida","Lemnaceae","Hyd"
"Stachys palustris",736.842105263158,"Strong increase",7.962040302267,"Rosopsida","Lamiaceae","SW"
"Typha angustifolia",1025.97402597403,"Strong increase",8.05244444444445,"Liliopsida","Typhaceae","H"
"Typha latifolia",7.51450938048321,"Little change",8.18097633136095,"Liliopsida","Typhaceae","H"
"Veronica anagallis-aquatica",639.917564996829,"Strong increase",7.92540843214756,"Rosopsida","Veronicaceae","A"
"Veronica beccabunga",282.848837209302,"Strong increase",7.5722044534413,"Rosopsida","Veronicaceae","A"
"Veronica catenata",-39.0715667311412,"Weak decrease",8.15441682600382,"Rosopsida","Veronicaceae","A"
"Zannichellia palustris",-37.8424249642687,"Weak decrease",8.17438853948288,"Liliopsida","Zannichelliaceae","Hyd"
