Class,Family,Taxon,life form - systema
Bryopsida,Amblystegiaceae,Amblystegium fluviatile,Hyd
Bryopsida,Amblystegiaceae,Amblystegium humile,A
Bryopsida,Amblystegiaceae,Amblystegium riparium,Hyd
Bryopsida,Amblystegiaceae,Amblystegium serpens,SW
Bryopsida,Amblystegiaceae,Amblystegium tenax,Hyd
Bryopsida,Amblystegiaceae,Amblystegium varium,A
Bryopsida,Amblystegiaceae,Calliergon cordifolium,A
Bryopsida,Amblystegiaceae,Calliergon giganteum,A
Bryopsida,Amblystegiaceae,Calliergon megalophyllum,
Bryopsida,Amblystegiaceae,Calliergon richardsonii,SW
Bryopsida,Amblystegiaceae,Calliergonella cuspidata,Hyd
Bryopsida,Amblystegiaceae,Campylium elodes,SW
Bryopsida,Amblystegiaceae,Campylium polygamum,A
Bryopsida,Amblystegiaceae,Campylium stellatum,A
Bryopsida,Amblystegiaceae,Cratoneuron filicinum,Hyd
Bryopsida,Amblystegiaceae,Drepanocladus aduncus,Hyd
Bryopsida,Amblystegiaceae,Drepanocladus longifolius,Hyd
Bryopsida,Amblystegiaceae,Drepanocladus sendtneri,Hyd
Bryopsida,Amblystegiaceae,Drepanocladus sordidus,SW
Bryopsida,Amblystegiaceae,Hamatocaulis lapponicus,SW
Bryopsida,Amblystegiaceae,Hamatocaulis vernicosus,SW
Bryopsida,Amblystegiaceae,Hygrohypnum alpestre,SW
Bryopsida,Amblystegiaceae,Hygrohypnum duriusculum,Hyd
Bryopsida,Amblystegiaceae,Hygrohypnum eugyrium,Hyd
Bryopsida,Amblystegiaceae,Hygrohypnum luridum,Hyd
Bryopsida,Amblystegiaceae,Hygrohypnum molle,Hyd
Bryopsida,Amblystegiaceae,Hygrohypnum ochraceum,Hyd
Bryopsida,Amblystegiaceae,Hygrohypnum polare,
Bryopsida,Amblystegiaceae,Hygrohypnum smithii,Hyd
Bryopsida,Amblystegiaceae,Palustriella commutata var. commutata,Hyd
Bryopsida,Amblystegiaceae,Palustriella commutata var. falcata,Hyd
Bryopsida,Amblystegiaceae,Palustriella decipiens,
Bryopsida,Amblystegiaceae,Pseudocalliergon lycopodioides,
Bryopsida,Amblystegiaceae,Pseudocalliergon trifarium,
Bryopsida,Amblystegiaceae,Sanionia uncinata,A
Bryopsida,Amblystegiaceae,Scorpidium revolvens,A
Bryopsida,Amblystegiaceae,Straminergon stramineum,SW
Bryopsida,Amblystegiaceae,Warnstorfia exannulata,SW
Bryopsida,Amblystegiaceae,Warnstorfia fluitans,
Bryopsida,Amblystegiaceae,Warnstorfia procera,SW
Bryopsida,Amblystegiaceae,Warnstorfia pseudostraminea,
Bryopsida,Amblystegiaceae,Warnstorfia sarmentosa,SW
Bryopsida,Amblystegiaceae,Warnstorfia trichophylla,Hyd
Bryopsida,Amblystegiaceae,Warnstorfia tundrae,
Bryopsida,Anastrophyllaceae,Gymnocolea inflata,SW
Bryopsida,Andreaeaceae,Andreaea rothii subsp. falcata,
Bryopsida,Andreaeaceae,Andreaea rothii subsp. rothii,SW
Bryopsida,Bartramiaceae,Philonotis caespitosa,A
Bryopsida,Bartramiaceae,Philonotis calcarea,A
Bryopsida,Bartramiaceae,Philonotis fontana,A
Bryopsida,Bartramiaceae,Philonotis marchica,A
Bryopsida,Bartramiaceae,Philonotis seriata,SW
Bryopsida,Bartramiaceae,Philonotis tomentella,A
Bryopsida,Brachytheciaceae,Brachythecium mildeanum,A
Bryopsida,Brachytheciaceae,Brachythecium rivulare,Hyd
Bryopsida,Brachytheciaceae,Brachythecium rutabulum,A
Bryopsida,Brachytheciaceae,Brachythecium salebrosum,Hyd
Bryopsida,Brachytheciaceae,Eurhynchium angustirete,A
Bryopsida,Brachytheciaceae,Isothecium holtii,
Bryopsida,Brachytheciaceae,Kindbergia praelonga,SW
Bryopsida,Brachytheciaceae,Oxyrrhynchium hians var. hians,A
Bryopsida,Brachytheciaceae,Oxyrrhynchium speciosum,A
Bryopsida,Brachytheciaceae,Platyhypnidium lusitanicum,Hyd
Bryopsida,Brachytheciaceae,Platyhypnidium riparioides,Hyd
Bryopsida,Brachytheciaceae,Rhynchostegiella curviseta,SW
Bryopsida,Brachytheciaceae,Rhynchostegiella jacquinii,SW
Bryopsida,Brachytheciaceae,Rhynchostegium murale,SW
Bryopsida,Brachytheciaceae,Scleropodium cespitans,SW
Bryopsida,Brachytheciaceae,Tomentypnum nitens,SW
Bryopsida,Bryaceae,Bryum alpinum,SW
Bryopsida,Bryaceae,Bryum argenteum,SW
Bryopsida,Bryaceae,Bryum bicolor,SW
Bryopsida,Bryaceae,Bryum caespiticium,A
Bryopsida,Bryaceae,Bryum gemmiparum,
Bryopsida,Bryaceae,Bryum mildeanum,A
Bryopsida,Bryaceae,Bryum moravicum,A
Bryopsida,Bryaceae,Bryum neodamense,A
Bryopsida,Bryaceae,Bryum pallens,A
Bryopsida,Bryaceae,Bryum pallescens,SW
Bryopsida,Bryaceae,Bryum pseudotriquetrum,A
Bryopsida,Bryaceae,Bryum pseudotriquetrum var. bimum,A
Bryopsida,Bryaceae,Bryum pseudotriquetrum var. pseudotriquetrum,A
Bryopsida,Bryaceae,Bryum schleicheri,SW
Bryopsida,Bryaceae,Bryum schleicheri var. latifolium,SW
Bryopsida,Bryaceae,Bryum schleicheri var. schleicheri,SW
Bryopsida,Bryaceae,Bryum turbinatum,A
Bryopsida,Bryaceae,Bryum weigelii,A
Bryopsida,Bryaceae,Pohlia ludwigii,A
Bryopsida,Bryaceae,Pohlia melanodon,A
Bryopsida,Bryaceae,Pohlia wahlenbergii var. glacialis,
Bryopsida,Bryaceae,Pohlia wahlenbergii var. wahlenbergii,A
Bryopsida,Bryaceae,Rhodobryum roseum,SW
Bryopsida,Climaciaceae,Climacium dendroides,A
Bryopsida,Cryphaeaceae,Dendrocryphaea lamyana,
Bryopsida,Dicranaceae,Dichodontium flavescens,
Bryopsida,Dicranaceae,Dichodontium palustre,Hyd
Bryopsida,Dicranaceae,Dichodontium pellucidum,A
Bryopsida,Dicranaceae,Dicranella varia,A
Bryopsida,Dicranaceae,Dicranum scottianum,SW
Bryopsida,Dicranaceae,Oncophorus wahlenbergii,SW
Bryopsida,Dicranaceae,Pseudephemerum nitidum,A
Bryopsida,Ditrichaceae,Ditrichum pusillum,SW
Bryopsida,Encalyptaceae,Encalypta streptocarpa,A
Bryopsida,Fissidentaceae,Fissidens adianthoides,A
Bryopsida,Fissidentaceae,Fissidens arnoldii,SW
Bryopsida,Fissidentaceae,Fissidens crassipes,Hyd
Bryopsida,Fissidentaceae,Fissidens curnovii,
Bryopsida,Fissidentaceae,Fissidens dubius,A
Bryopsida,Fissidentaceae,Fissidens fontanus,Hyd
Bryopsida,Fissidentaceae,Fissidens gracilifolius,
Bryopsida,Fissidentaceae,Fissidens grandifrons,
Bryopsida,Fissidentaceae,Fissidens gymnandrus,SW
Bryopsida,Fissidentaceae,Fissidens monguillonii,A
Bryopsida,Fissidentaceae,Fissidens osmundoides,SW
Bryopsida,Fissidentaceae,Fissidens polyphyllus,
Bryopsida,Fissidentaceae,Fissidens pusillus,SW
Bryopsida,Fissidentaceae,Fissidens rivularis,Hyd
Bryopsida,Fissidentaceae,Fissidens rufulus,Hyd
Bryopsida,Fissidentaceae,Fissidens serrulatus,
Bryopsida,Fissidentaceae,Fissidens taxifolius,A
Bryopsida,Fissidentaceae,Fissidens viridulus,
Bryopsida,Fontinalaceae,Dichelyma capillaceum,
Bryopsida,Fontinalaceae,Dichelyma falcatum,Hyd
Bryopsida,Fontinalaceae,Fontinalis antipyretica,Hyd
Bryopsida,Fontinalaceae,Fontinalis dalecarlica,
Bryopsida,Fontinalaceae,Fontinalis dichelymoides,Hyd
Bryopsida,Fontinalaceae,Fontinalis duriaei,Hyd
Bryopsida,Fontinalaceae,Fontinalis hypnoides,Hyd
Bryopsida,Fontinalaceae,Fontinalis kindbergii,Hyd
Bryopsida,Fontinalaceae,Fontinalis sp.,
Bryopsida,Fontinalaceae,Fontinalis squamosa,Hyd
Bryopsida,Funariaceae,Funaria hygrometrica,SW
Bryopsida,Funariaceae,Physcomitrella patens,A
Bryopsida,Grimmiaceae,Racomitrium aciculare,A
Bryopsida,Grimmiaceae,Racomitrium affine,A
Bryopsida,Grimmiaceae,Racomitrium aquaticum,A
Bryopsida,Grimmiaceae,Schistidium agassizii,
Bryopsida,Grimmiaceae,Schistidium apocarpum,SW
Bryopsida,Grimmiaceae,Schistidium platyphyllum,SW
Bryopsida,Grimmiaceae,Schistidium rivulare,SW
Bryopsida,Hookeriaceae,Hookeria lucens,SW
Bryopsida,Hylocomiaceae,Rhytidiadelphus squarrosus,SW
Bryopsida,Hylocomiaceae,Rhytidiadelphus triquetrus,SW
Bryopsida,Hypnaceae,Ctenidium molluscum,A
Bryopsida,Hypnaceae,Hyocomium armoricum,SW
Bryopsida,Hypnaceae,Hypnum lindbergii,A
Bryopsida,Hypnaceae,Orthothecium rufescens,A
Bryopsida,Leskeaceae,Leskea polycarpa,A
Bryopsida,Meesiaceae,Meesia triquetra,
Bryopsida,Meesiaceae,Meesia uliginosa,
Bryopsida,Mniaceae,Mnium hornum,A
Bryopsida,Mniaceae,Mnium stellare,SW
Bryopsida,Mniaceae,Plagiomnium affine,SW
Bryopsida,Mniaceae,Plagiomnium cuspidatum,A
Bryopsida,Mniaceae,Plagiomnium elatum,A
Bryopsida,Mniaceae,Plagiomnium ellipticum,A
Bryopsida,Mniaceae,Plagiomnium medium,A
Bryopsida,Mniaceae,Plagiomnium rostratum,A
Bryopsida,Mniaceae,Plagiomnium undulatum,A
Bryopsida,Mniaceae,Rhizomnium magnifolium,SW
Bryopsida,Mniaceae,Rhizomnium pseudopunctatum,
Bryopsida,Mniaceae,Rhizomnium punctatum,A
Bryopsida,Neckeraceae,Homalia trichomanoides,SW
Bryopsida,Neckeraceae,Thamnobryum alopecurum,SW
Bryopsida,Orthotrichaceae,Orthotrichum cupulatum var. riparium,Hyd
Bryopsida,Orthotrichaceae,Orthotrichum rivulare,Hyd
Bryopsida,Orthotrichaceae,Orthotrichum sprucei,Hyd
Bryopsida,Plagiotheciaceae,Plagiothecium cavifolium,SW
Bryopsida,Plagiotheciaceae,Plagiothecium nemorale,SW
Bryopsida,Plagiotheciaceae,Plagiothecium platyphyllum,SW
Bryopsida,Plagiotheciaceae,Plagiothecium undulatum,SW
Bryopsida,Polytrichaceae,Atrichum undulatum,SW
Bryopsida,Polytrichaceae,Polytrichum commune,
Bryopsida,Pottiaceae,Barbula crocea,A
Bryopsida,Pottiaceae,Barbula saxicola,
Bryopsida,Pottiaceae,Bryoerythrophyllum recurvirostrum,A
Bryopsida,Pottiaceae,Cinclidotus aquaticus,Hyd
Bryopsida,Pottiaceae,Cinclidotus danubicus,Hyd
Bryopsida,Pottiaceae,Cinclidotus fontinaloides,Hyd
Bryopsida,Pottiaceae,Cinclidotus riparius,Hyd
Bryopsida,Pottiaceae,Dialytrichia mucronata,A
Bryopsida,Pottiaceae,Didymodon ferrugineus,SW
Bryopsida,Pottiaceae,Didymodon insulanus,SW
Bryopsida,Pottiaceae,Didymodon nicholsonii,A
Bryopsida,Pottiaceae,Didymodon sinuosus,A
Bryopsida,Pottiaceae,Didymodon spadiceus,A
Bryopsida,Pottiaceae,Didymodon tophaceus,A
Bryopsida,Pottiaceae,Eucladium verticillatum,A
Bryopsida,Pottiaceae,Gymnostomum aeruginosum,SW
Bryopsida,Pottiaceae,Hymenostylium recurvirostrum,A
Bryopsida,Pottiaceae,Hyophila involuta,A
Bryopsida,Pottiaceae,Oxystegus tenuirostris,SW
Bryopsida,Pottiaceae,Syntrichia latifolia,SW
Bryopsida,Scorpidiaceae,Pseudocalliergon turgescens,Hyd
Bryopsida,Scorpidiaceae,Scorpidium cossonii,SW
Bryopsida,Scorpidiaceae,Scorpidium scorpioides,Hyd
Bryopsida,Seligeriaceae,Blindia acuta,A
Bryopsida,Sphagnaceae,Sphagnum angustifolium,SW
Bryopsida,Sphagnaceae,Sphagnum auriculatum,
Bryopsida,Sphagnaceae,Sphagnum contortum,SW
Bryopsida,Sphagnaceae,Sphagnum cuspidatum,
Bryopsida,Sphagnaceae,Sphagnum fallax,SW
Bryopsida,Sphagnaceae,Sphagnum fimbriatum,SW
Bryopsida,Sphagnaceae,Sphagnum flexuosum,
Bryopsida,Sphagnaceae,Sphagnum inundatum,SW
Bryopsida,Sphagnaceae,Sphagnum magellanicum,SW
Bryopsida,Sphagnaceae,Sphagnum majus,SW
Bryopsida,Sphagnaceae,Sphagnum obtusum,SW
Bryopsida,Sphagnaceae,Sphagnum palustre,SW
Bryopsida,Sphagnaceae,Sphagnum papillosum,
Bryopsida,Sphagnaceae,Sphagnum platyphyllum,
Bryopsida,Sphagnaceae,Sphagnum riparium,SW
Bryopsida,Sphagnaceae,Sphagnum subsecundum,SW
Bryopsida,Thuidiaceae,Heterocladium heteropterum,SW
Charophyceae,Characeae,Chara aculeolata,Hyd
Charophyceae,Characeae,Chara aspera,Hyd
Charophyceae,Characeae,Chara baltica,Hyd
Charophyceae,Characeae,Chara baueri,Hyd
Charophyceae,Characeae,Chara braunii,Hyd
Charophyceae,Characeae,Chara canescens,Hyd
Charophyceae,Characeae,Chara connivens,Hyd
Charophyceae,Characeae,Chara contraria,Hyd
Charophyceae,Characeae,Chara contraria var. hispidula,Hyd
Charophyceae,Characeae,Chara corfuensis,Hyd
Charophyceae,Characeae,Chara curta,Hyd
Charophyceae,Characeae,Chara dissoluta,Hyd
Charophyceae,Characeae,Chara filiformis,Hyd
Charophyceae,Characeae,Chara fragifera,Hyd
Charophyceae,Characeae,Chara galioides,Hyd
Charophyceae,Characeae,Chara globularis,Hyd
Charophyceae,Characeae,Chara gymnophylla,Hyd
Charophyceae,Characeae,Chara hellenica,Hyd
Charophyceae,Characeae,Chara hispida,Hyd
Charophyceae,Characeae,Chara horrida,Hyd
Charophyceae,Characeae,Chara kokeilii,Hyd
Charophyceae,Characeae,Chara oedophylla,Hyd
Charophyceae,Characeae,Chara papillosa,Hyd
Charophyceae,Characeae,Chara sp.,
Charophyceae,Characeae,Chara strigosa,Hyd
Charophyceae,Characeae,Chara subspinosa,Hyd
Charophyceae,Characeae,Chara tenuispina,Hyd
Charophyceae,Characeae,Chara tomentosa,Hyd
Charophyceae,Characeae,Chara virgata,Hyd
Charophyceae,Characeae,Chara virgata var. annulata,Hyd
Charophyceae,Characeae,Chara vulgaris,Hyd
Charophyceae,Characeae,Lamprothamnium papulosum,Hyd
Charophyceae,Characeae,Lamprothamnium succinctum,Hyd
Charophyceae,Characeae,Lychnothamnus barbatus,Hyd
Charophyceae,Characeae,Nitella capillaris,Hyd
Charophyceae,Characeae,Nitella confervacea,Hyd
Charophyceae,Characeae,Nitella flexilis,Hyd
Charophyceae,Characeae,Nitella gracilis,Hyd
Charophyceae,Characeae,Nitella hyalina,Hyd
Charophyceae,Characeae,Nitella mucronata,Hyd
Charophyceae,Characeae,Nitella opaca,Hyd
Charophyceae,Characeae,Nitella syncarpa,Hyd
Charophyceae,Characeae,Nitella tenuissima,Hyd
Charophyceae,Characeae,Nitella translucens,Hyd
Charophyceae,Characeae,Nitella wahlbergiana,Hyd
Charophyceae,Characeae,Nitellopsis obtusa,Hyd
Charophyceae,Characeae,Tolypella canadensis,Hyd
Charophyceae,Characeae,Tolypella glomerata,Hyd
Charophyceae,Characeae,Tolypella intricata,Hyd
Charophyceae,Characeae,Tolypella nidifica,Hyd
Charophyceae,Characeae,Tolypella normaniana,Hyd
Charophyceae,Characeae,Tolypella prolifera,Hyd
Charophyceae,Characeae,Tolypella salina,Hyd
Liliopsida,Acoraceae,Acorus calamus,H
Liliopsida,Acoraceae,Acorus gramineus,
Liliopsida,Acoraceae,Acorus sp.,
Liliopsida,Alismataceae,Alisma gramineum,A
Liliopsida,Alismataceae,Alisma lanceolatum,A
Liliopsida,Alismataceae,Alisma plantago-aquatica,A
Liliopsida,Alismataceae,Alisma sp.,
Liliopsida,Alismataceae,Alisma wahlenbergii,Hyd
Liliopsida,Alismataceae,Baldellia alpestris,
Liliopsida,Alismataceae,Baldellia ranunculoides,A
Liliopsida,Alismataceae,Baldellia ranunculoides var. ranunculoides,Hyd
Liliopsida,Alismataceae,Baldellia repens,
Liliopsida,Alismataceae,Caldesia parnassifolia,Hyd
Liliopsida,Alismataceae,Damasonium alisma,
Liliopsida,Alismataceae,Damasonium bourgaei,H
Liliopsida,Alismataceae,Damasonium polyspermum,H
Liliopsida,Alismataceae,Luronium natans,
Liliopsida,Alismataceae,Sagittaria latifolia,A
Liliopsida,Alismataceae,Sagittaria natans,Hyd
Liliopsida,Alismataceae,Sagittaria rigida,A
Liliopsida,Alismataceae,Sagittaria sagittifolia,A
Liliopsida,Alismataceae,Sagittaria subulata,Hyd
Liliopsida,Alismataceae,Sagittaria x lunata,Hyd
Liliopsida,Alliaceae,Allium angulosum,SW
Liliopsida,Alliaceae,Allium scorodoprasum,SW
Liliopsida,Alliaceae,Allium suaveolens,SW
Liliopsida,Amaryllidaceae,Leucojum aestivum,SW
Liliopsida,Aponogetonaceae,Aponogeton distachyos,A
Liliopsida,Araceae,Arum maculatum,SW
Liliopsida,Araceae,Calla palustris,SW
Liliopsida,Araceae,Pistia stratiotes,Hyd
Liliopsida,Butomaceae,Butomus sp.,
Liliopsida,Butomaceae,Butomus umbellatus,A
Liliopsida,Commelinaceae,Murdannia blumei,SW
Liliopsida,Cyperaceae,Blysmus compressus,SW
Liliopsida,Cyperaceae,Bolboschoenus laticarpus,
Liliopsida,Cyperaceae,Bolboschoenus maritimus,H
Liliopsida,Cyperaceae,Carex acuta,H
Liliopsida,Cyperaceae,Carex acutiformis,H
Liliopsida,Cyperaceae,Carex appropinquata,SW
Liliopsida,Cyperaceae,Carex aquatilis,SW
Liliopsida,Cyperaceae,Carex bohemica,SW
Liliopsida,Cyperaceae,Carex buekii,H
Liliopsida,Cyperaceae,Carex canescens,
Liliopsida,Cyperaceae,Carex canescens subsp. canescens,
Liliopsida,Cyperaceae,Carex cespitosa,SW
Liliopsida,Cyperaceae,Carex chordorrhiza,
Liliopsida,Cyperaceae,Carex davalliana,SW
Liliopsida,Cyperaceae,Carex demissa,SW
Liliopsida,Cyperaceae,Carex demissa subsp. demissa,SW
Liliopsida,Cyperaceae,Carex diandra,SW
Liliopsida,Cyperaceae,Carex dioica,SW
Liliopsida,Cyperaceae,Carex disticha,SW
Liliopsida,Cyperaceae,Carex echinata,SW
Liliopsida,Cyperaceae,Carex elata,H
Liliopsida,Cyperaceae,Carex elata subsp. elata,H
Liliopsida,Cyperaceae,Carex elata subsp. omskiana,
Liliopsida,Cyperaceae,Carex elongata,SW
Liliopsida,Cyperaceae,Carex flacca,SW
Liliopsida,Cyperaceae,Carex flava,H
Liliopsida,Cyperaceae,Carex hirta,H
Liliopsida,Cyperaceae,Carex hostiana,SW
Liliopsida,Cyperaceae,Carex lasiocarpa,SW
Liliopsida,Cyperaceae,Carex lepidocarpa,SW
Liliopsida,Cyperaceae,Carex leporina,SW
Liliopsida,Cyperaceae,Carex limosa,SW
Liliopsida,Cyperaceae,Carex nigra,SW
Liliopsida,Cyperaceae,Carex oederi,SW
Liliopsida,Cyperaceae,Carex oederi var. oederi,
Liliopsida,Cyperaceae,Carex otrubae,H
Liliopsida,Cyperaceae,Carex panicea,SW
Liliopsida,Cyperaceae,Carex paniculata,H
Liliopsida,Cyperaceae,Carex pauciflora,SW
Liliopsida,Cyperaceae,Carex pendula,SW
Liliopsida,Cyperaceae,Carex pseudocyperus,H
Liliopsida,Cyperaceae,Carex pulicaris,SW
Liliopsida,Cyperaceae,Carex recta,
Liliopsida,Cyperaceae,Carex remota,H
Liliopsida,Cyperaceae,Carex reuteriana,SW
Liliopsida,Cyperaceae,Carex riparia,H
Liliopsida,Cyperaceae,Carex rostrata,H
Liliopsida,Cyperaceae,Carex strigosa,SW
Liliopsida,Cyperaceae,Carex vesicaria,H
Liliopsida,Cyperaceae,Carex vulpina,H
Liliopsida,Cyperaceae,Carex x elytroides,
Liliopsida,Cyperaceae,Cladium mariscus,H
Liliopsida,Cyperaceae,Cyperus eragrostis,
Liliopsida,Cyperaceae,Cyperus esculentus,
Liliopsida,Cyperaceae,Cyperus flavescens,H
Liliopsida,Cyperaceae,Cyperus fuscus,H
Liliopsida,Cyperaceae,Cyperus glomeratus,
Liliopsida,Cyperaceae,Cyperus longus,SW
Liliopsida,Cyperaceae,Cyperus michelianus,H
Liliopsida,Cyperaceae,Cyperus serotinus,SW
Liliopsida,Cyperaceae,Cyperus strigosus,SW
Liliopsida,Cyperaceae,Eleocharis acicularis,A
Liliopsida,Cyperaceae,Eleocharis bonariensis,
Liliopsida,Cyperaceae,Eleocharis mamillata,A
Liliopsida,Cyperaceae,Eleocharis mamillata subsp. austriaca,A
Liliopsida,Cyperaceae,Eleocharis mamillata subsp. mamillata,A
Liliopsida,Cyperaceae,Eleocharis multicaulis,SW
Liliopsida,Cyperaceae,Eleocharis ovata,SW
Liliopsida,Cyperaceae,Eleocharis palustris,A
Liliopsida,Cyperaceae,Eleocharis palustris subsp. palustris,
Liliopsida,Cyperaceae,Eleocharis palustris subsp. waltersii,
Liliopsida,Cyperaceae,Eleocharis parvula,
Liliopsida,Cyperaceae,Eleocharis quinqueflora,SW
Liliopsida,Cyperaceae,Eleocharis uniglumis,
Liliopsida,Cyperaceae,Eriophorum angustifolium,SW
Liliopsida,Cyperaceae,Eriophorum angustifolium subsp. angustifolium,SW
Liliopsida,Cyperaceae,Eriophorum gracile,SW
Liliopsida,Cyperaceae,Eriophorum latifolium,SW
Liliopsida,Cyperaceae,Eriophorum vaginatum,SW
Liliopsida,Cyperaceae,Fimbristylis bisumbellata,
Liliopsida,Cyperaceae,Fimbristylis dichotoma subsp. dichotoma,
Liliopsida,Cyperaceae,Fimbristylis squarrosa,
Liliopsida,Cyperaceae,Fuirena pubescens,
Liliopsida,Cyperaceae,Isolepis cernua,
Liliopsida,Cyperaceae,Isolepis fluitans,
Liliopsida,Cyperaceae,Isolepis setacea,SW
Liliopsida,Cyperaceae,Rhynchospora alba,
Liliopsida,Cyperaceae,Rhynchospora fusca,SW
Liliopsida,Cyperaceae,Rhynchospora rugosa,Hyd
Liliopsida,Cyperaceae,Schoenoplectiella supina,
Liliopsida,Cyperaceae,Schoenoplectus lacustris,A
Liliopsida,Cyperaceae,Schoenoplectus litoralis,H
Liliopsida,Cyperaceae,Schoenoplectus pungens,H
Liliopsida,Cyperaceae,Schoenoplectus tabernaemontani,
Liliopsida,Cyperaceae,Schoenoplectus triqueter,
Liliopsida,Cyperaceae,Schoenoplectus x carinatus,
Liliopsida,Cyperaceae,Schoenus ferrugineus,SW
Liliopsida,Cyperaceae,Schoenus nigricans,SW
Liliopsida,Cyperaceae,Scirpoides holoschoenus,SW
Liliopsida,Cyperaceae,Scirpus radicans,
Liliopsida,Cyperaceae,Scirpus sylvaticus,H
Liliopsida,Cyperaceae,Trichophorum alpinum,H
Liliopsida,Cyperaceae,Trichophorum cespitosum,SW
Liliopsida,Eriocaulaceae,Eriocaulon aquaticum,
Liliopsida,Eriocaulaceae,Eriocaulon cinereum,Hyd
Liliopsida,Hydrocharitaceae,Egeria densa,Hyd
Liliopsida,Hydrocharitaceae,Elodea callitrichoides,Hyd
Liliopsida,Hydrocharitaceae,Elodea canadensis,Hyd
Liliopsida,Hydrocharitaceae,Elodea nuttallii,Hyd
Liliopsida,Hydrocharitaceae,Hydrilla verticillata,Hyd
Liliopsida,Hydrocharitaceae,Hydrocharis morsus-ranae,Hyd
Liliopsida,Hydrocharitaceae,Hydrocharis sp.,
Liliopsida,Hydrocharitaceae,Lagarosiphon major,Hyd
Liliopsida,Hydrocharitaceae,Ottelia alismoides,Hyd
Liliopsida,Hydrocharitaceae,Stratiotes aloides,Hyd
Liliopsida,Hydrocharitaceae,Vallisneria spiralis,Hyd
Liliopsida,Iridaceae,Crocosmia x crocosmiiflora,
Liliopsida,Iridaceae,Iris pseudacorus,H
Liliopsida,Iridaceae,Iris sibirica,SW
Liliopsida,Iridaceae,Iris sintenisii subsp. brandzae,SW
Liliopsida,Iridaceae,Iris spuria,SW
Liliopsida,Iridaceae,Iris versicolor,Hyd
Liliopsida,Juncaceae,Juncus acutiflorus,SW
Liliopsida,Juncaceae,Juncus alpinoarticulatus,SW
Liliopsida,Juncaceae,Juncus anceps,SW
Liliopsida,Juncaceae,Juncus articulatus,A
Liliopsida,Juncaceae,Juncus atratus,
Liliopsida,Juncaceae,Juncus bufonius,SW
Liliopsida,Juncaceae,Juncus bulbosus,SW
Liliopsida,Juncaceae,Juncus capitatus,SW
Liliopsida,Juncaceae,Juncus compressus,H
Liliopsida,Juncaceae,Juncus conglomeratus,H
Liliopsida,Juncaceae,Juncus effusus,H
Liliopsida,Juncaceae,Juncus filiformis,H
Liliopsida,Juncaceae,Juncus gerardii,SW
Liliopsida,Juncaceae,Juncus heterophyllus,
Liliopsida,Juncaceae,Juncus hybridus,
Liliopsida,Juncaceae,Juncus inflexus,H
Liliopsida,Juncaceae,Juncus maritimus,H
Liliopsida,Juncaceae,Juncus ranarius,SW
Liliopsida,Juncaceae,Juncus sp.,
Liliopsida,Juncaceae,Juncus squarrosus,SW
Liliopsida,Juncaceae,Juncus subnodulosus,A
Liliopsida,Juncaceae,Juncus tenageia,SW
Liliopsida,Juncaceae,Juncus tenuis,H
Liliopsida,Juncaginaceae,Triglochin maritima,SW
Liliopsida,Juncaginaceae,Triglochin palustris,SW
Liliopsida,Juncaginaceae,Triglochin scilloides,Hyd
Liliopsida,Lemnaceae,Lemna aequinoctialis,Hyd
Liliopsida,Lemnaceae,Lemna gibba,Hyd
Liliopsida,Lemnaceae,Lemna japonica,Hyd
Liliopsida,Lemnaceae,Lemna minor,Hyd
Liliopsida,Lemnaceae,Lemna minuta,Hyd
Liliopsida,Lemnaceae,Lemna trisulca,Hyd
Liliopsida,Lemnaceae,Lemna turionifera,Hyd
Liliopsida,Lemnaceae,Spirodela polyrhiza,Hyd
Liliopsida,Lemnaceae,Wolffia arrhiza,Hyd
Liliopsida,Lemnaceae,Wolffia columbiana,Hyd
Liliopsida,Liliaceae,Fritillaria meleagris,
Liliopsida,Najadaceae,Najas chinensis,Hyd
Liliopsida,Najadaceae,Najas flexilis,Hyd
Liliopsida,Najadaceae,Najas gracillima,Hyd
Liliopsida,Najadaceae,Najas graminea,Hyd
Liliopsida,Najadaceae,Najas marina,Hyd
Liliopsida,Najadaceae,Najas marina subsp. marina,Hyd
Liliopsida,Najadaceae,Najas marina var. intermedia,Hyd
Liliopsida,Najadaceae,Najas minor,Hyd
Liliopsida,Najadaceae,Najas tenuissima,Hyd
Liliopsida,Nartheciaceae,Narthecium ossifragum,
Liliopsida,Orchidaceae,Dactylorhiza incarnata,SW
Liliopsida,Orchidaceae,Dactylorhiza maculata,SW
Liliopsida,Orchidaceae,Dactylorhiza majalis,SW
Liliopsida,Orchidaceae,Dactylorhiza majalis subsp. sphagnicola,SW
Liliopsida,Orchidaceae,Dactylorhiza praetermissa,SW
Liliopsida,Orchidaceae,Epipactis palustris,SW
Liliopsida,Orchidaceae,Gymnadenia conopsea,SW
Liliopsida,Orchidaceae,Liparis loeselii,SW
Liliopsida,Orchidaceae,Neottia cordata,SW
Liliopsida,Poaceae,Agrostis canina,A
Liliopsida,Poaceae,Agrostis capillaris,
Liliopsida,Poaceae,Agrostis gigantea,
Liliopsida,Poaceae,Agrostis stolonifera,A
Liliopsida,Poaceae,Alopecurus aequalis,A
Liliopsida,Poaceae,Alopecurus geniculatus,SW
Liliopsida,Poaceae,Alopecurus pratensis,SW
Liliopsida,Poaceae,Anthoxanthum nitens,SW
Liliopsida,Poaceae,Anthoxanthum odoratum,SW
Liliopsida,Poaceae,Antinoria agrostidea,SW
Liliopsida,Poaceae,Arctophila fulva,
Liliopsida,Poaceae,Arundo donax,H
Liliopsida,Poaceae,Beckmannia eruciformis,SW
Liliopsida,Poaceae,Beckmannia syzigachne,SW
Liliopsida,Poaceae,Calamagrostis canescens,H
Liliopsida,Poaceae,Calamagrostis pseudophragmites,SW
Liliopsida,Poaceae,Calamagrostis stricta,SW
Liliopsida,Poaceae,Calamagrostis villosa,SW
Liliopsida,Poaceae,Catabrosa aquatica,
Liliopsida,Poaceae,Coix lacryma-jobi,SW
Liliopsida,Poaceae,Deschampsia cespitosa,A
Liliopsida,Poaceae,Deschampsia cespitosa subsp. cespitosa,
Liliopsida,Poaceae,Deschampsia setacea,SW
Liliopsida,Poaceae,Echinochloa crus-galli,SW
Liliopsida,Poaceae,Echinochloa oryzoides,
Liliopsida,Poaceae,Elymus repens,SW
Liliopsida,Poaceae,Festuca rubra,SW
Liliopsida,Poaceae,Festuca vivipara,SW
Liliopsida,Poaceae,Glyceria declinata,A
Liliopsida,Poaceae,Glyceria fluitans,A
Liliopsida,Poaceae,Glyceria grandis,H
Liliopsida,Poaceae,Glyceria maxima,H
Liliopsida,Poaceae,Glyceria nemoralis,H
Liliopsida,Poaceae,Glyceria notata,A
Liliopsida,Poaceae,Glyceria sp.,
Liliopsida,Poaceae,Glyceria striata,SW
Liliopsida,Poaceae,Glyceria x pedicellata,
Liliopsida,Poaceae,Hemarthria altissima,
Liliopsida,Poaceae,Holcus lanatus,SW
Liliopsida,Poaceae,Leersia oryzoides,H
Liliopsida,Poaceae,Lolium arundinaceum,SW
Liliopsida,Poaceae,Lolium giganteum,SW
Liliopsida,Poaceae,Molinia arundinacea,SW
Liliopsida,Poaceae,Molinia caerulea,SW
Liliopsida,Poaceae,Moorochloa eruciformis,
Liliopsida,Poaceae,Oryza sativa,
Liliopsida,Poaceae,Paspalum dilatatum,
Liliopsida,Poaceae,Paspalum distichum,SW
Liliopsida,Poaceae,Paspalum urvillei,
Liliopsida,Poaceae,Paspalum vaginatum,SW
Liliopsida,Poaceae,Phacelurus digitatus,SW
Liliopsida,Poaceae,Phalaris arundinacea,H
Liliopsida,Poaceae,Phleum alpinum,SW
Liliopsida,Poaceae,Phragmites australis,H
Liliopsida,Poaceae,Pleuropogon sabinei,Hyd
Liliopsida,Poaceae,Poa palustris,A
Liliopsida,Poaceae,Poa trivialis,
Liliopsida,Poaceae,Saccharum spontaneum,SW
Liliopsida,Poaceae,Scolochloa festucacea,
Liliopsida,Poaceae,Tripidium ravennae,
Liliopsida,Poaceae,Zizania aquatica,Hyd
Liliopsida,Poaceae,Zizania latifolia,Hyd
Liliopsida,Pontederiaceae,Heteranthera reniformis,
Liliopsida,Pontederiaceae,Pontederia cordata,
Liliopsida,Pontederiaceae,Pontederia crassipes,Hyd
Liliopsida,Pontederiaceae,Pontederia korsakowii,Hyd
Liliopsida,Potamogetonaceae,Althenia filiformis,Hyd
Liliopsida,Potamogetonaceae,Althenia orientalis,Hyd
Liliopsida,Potamogetonaceae,Groenlandia densa,Hyd
Liliopsida,Potamogetonaceae,Potamogeton acutifolius,Hyd
Liliopsida,Potamogetonaceae,Potamogeton alpinus,Hyd
Liliopsida,Potamogetonaceae,Potamogeton berchtoldii,Hyd
Liliopsida,Potamogetonaceae,Potamogeton berchtoldii x obtusifolius,Hyd
Liliopsida,Potamogetonaceae,Potamogeton coloratus,Hyd
Liliopsida,Potamogetonaceae,Potamogeton compressus,Hyd
Liliopsida,Potamogetonaceae,Potamogeton crispus,Hyd
Liliopsida,Potamogetonaceae,Potamogeton epihydrus,Hyd
Liliopsida,Potamogetonaceae,Potamogeton friesii,Hyd
Liliopsida,Potamogetonaceae,Potamogeton gramineus,Hyd
Liliopsida,Potamogetonaceae,Potamogeton lucens,Hyd
Liliopsida,Potamogetonaceae,Potamogeton natans,Hyd
Liliopsida,Potamogetonaceae,Potamogeton nodosus,Hyd
Liliopsida,Potamogetonaceae,Potamogeton obtusifolius,Hyd
Liliopsida,Potamogetonaceae,Potamogeton perfoliatus,Hyd
Liliopsida,Potamogetonaceae,Potamogeton polygonifolius,Hyd
Liliopsida,Potamogetonaceae,Potamogeton praelongus,Hyd
Liliopsida,Potamogetonaceae,Potamogeton pusillus,Hyd
Liliopsida,Potamogetonaceae,Potamogeton rutilus,Hyd
Liliopsida,Potamogetonaceae,Potamogeton schweinfurthii,Hyd
Liliopsida,Potamogetonaceae,Potamogeton trichoides,Hyd
Liliopsida,Potamogetonaceae,Potamogeton x angustifolius,Hyd
Liliopsida,Potamogetonaceae,Potamogeton x bennettii,Hyd
Liliopsida,Potamogetonaceae,Potamogeton x billupsii,Hyd
Liliopsida,Potamogetonaceae,Potamogeton x cognatus,Hyd
Liliopsida,Potamogetonaceae,Potamogeton x cooperi,Hyd
Liliopsida,Potamogetonaceae,Potamogeton x fluitans,Hyd
Liliopsida,Potamogetonaceae,Potamogeton x gessnacensis,Hyd
Liliopsida,Potamogetonaceae,Potamogeton x griffithii,Hyd
Liliopsida,Potamogetonaceae,Potamogeton x lanceolatus,Hyd
Liliopsida,Potamogetonaceae,Potamogeton x lintonii,Hyd
Liliopsida,Potamogetonaceae,Potamogeton x nericius,Hyd
Liliopsida,Potamogetonaceae,Potamogeton x nerviger,Hyd
Liliopsida,Potamogetonaceae,Potamogeton x nitens,Hyd
Liliopsida,Potamogetonaceae,Potamogeton x olivaceus,Hyd
Liliopsida,Potamogetonaceae,Potamogeton x prussicus,Hyd
Liliopsida,Potamogetonaceae,Potamogeton x salicifolius,Hyd
Liliopsida,Potamogetonaceae,Potamogeton x saxonicus,Hyd
Liliopsida,Potamogetonaceae,Potamogeton x schreberi,Hyd
Liliopsida,Potamogetonaceae,Potamogeton x semifructus,Hyd
Liliopsida,Potamogetonaceae,Potamogeton x sparganiifolius,Hyd
Liliopsida,Potamogetonaceae,Potamogeton x spathulatus,Hyd
Liliopsida,Potamogetonaceae,Potamogeton x sudermanicus,Hyd
Liliopsida,Potamogetonaceae,Potamogeton x undulatus,Hyd
Liliopsida,Potamogetonaceae,Potamogeton x variifolius,Hyd
Liliopsida,Potamogetonaceae,Stuckenia filiformis,Hyd
Liliopsida,Potamogetonaceae,Stuckenia pectinata,Hyd
Liliopsida,Potamogetonaceae,Stuckenia vaginata,Hyd
Liliopsida,Potamogetonaceae,Stuckenia x bottnica,Hyd
Liliopsida,Potamogetonaceae,Stuckenia x fennica,Hyd
Liliopsida,Potamogetonaceae,Stuckenia x suecica,Hyd
Liliopsida,Ruppiaceae,Ruppia cirrhosa,Hyd
Liliopsida,Ruppiaceae,Ruppia drepanensis,Hyd
Liliopsida,Ruppiaceae,Ruppia maritima,Hyd
Liliopsida,Scheuchzeriaceae,Scheuchzeria palustris,
Liliopsida,Sparganiaceae,Sparganium angustifolium,
Liliopsida,Sparganiaceae,Sparganium emersum,A
Liliopsida,Sparganiaceae,Sparganium erectum,H
Liliopsida,Sparganiaceae,Sparganium erectum subsp. microcarpum,
Liliopsida,Sparganiaceae,Sparganium erectum subsp. neglectum,
Liliopsida,Sparganiaceae,Sparganium erectum subsp. oocarpum,
Liliopsida,Sparganiaceae,Sparganium glomeratum,
Liliopsida,Sparganiaceae,Sparganium hyperboreum,
Liliopsida,Sparganiaceae,Sparganium natans,A
Liliopsida,Sparganiaceae,Sparganium x longifolium,
Liliopsida,Sparganiaceae,Sparganium x oligocarpon,
Liliopsida,Sparganiaceae,Sparganium x speirocephalum,
Liliopsida,Sparganiaceae,Sparganium x splendens,
Liliopsida,Tofieldiaceae,Tofieldia calyculata,SW
Liliopsida,Typhaceae,Typha angustifolia,H
Liliopsida,Typhaceae,Typha domingensis,SW
Liliopsida,Typhaceae,Typha latifolia,H
Liliopsida,Typhaceae,Typha laxmannii,H
Liliopsida,Typhaceae,Typha minima,H
Liliopsida,Typhaceae,Typha shuttleworthii,H
Liliopsida,Typhaceae,Typha x glauca,Hyd
Liliopsida,Zannichelliaceae,Zannichellia contorta,Hyd
Liliopsida,Zannichelliaceae,Zannichellia obtusifolia,Hyd
Liliopsida,Zannichelliaceae,Zannichellia palustris,Hyd
Liliopsida,Zannichelliaceae,Zannichellia palustris subsp. major,Hyd
Liliopsida,Zannichelliaceae,Zannichellia palustris subsp. palustris,Hyd
Liliopsida,Zannichelliaceae,Zannichellia palustris subsp. pedicellata,Hyd
Liliopsida,Zannichelliaceae,Zannichellia peltata,Hyd
Liliopsida,Zosteraceae,Zostera angustifolia,Hyd
Liliopsida,Zosteraceae,Zostera marina,
Liliopsida,Zosteraceae,Zostera noltii,
Lycopsida,Isoetaceae,Isoetes azorica,Hyd
Lycopsida,Isoetaceae,Isoetes boryana,
Lycopsida,Isoetaceae,Isoetes durieui,
Lycopsida,Isoetaceae,Isoetes echinospora,
Lycopsida,Isoetaceae,Isoetes lacustris,Hyd
Lycopsida,Isoetaceae,Isoetes longissima,Hyd
Lycopsida,Isoetaceae,Isoetes longissima subsp. asturicensis,
Lycopsida,Isoetaceae,Isoetes malinverniana,Hyd
Lycopsida,Isoetaceae,Isoetes tenuissima,
Lycopsida,Isoetaceae,Isoetes tiguliana,
Lycopsida,Isoetaceae,Isoetes x brochonii,
Lycopsida,Lycopodiaceae,Lycopodiella inundata,SW
Magnoliopsida,Cabombaceae,Cabomba caroliniana,Hyd
Magnoliopsida,Ceratophyllaceae,Ceratophyllum demersum,Hyd
Magnoliopsida,Ceratophyllaceae,Ceratophyllum demersum var. apiculatum,Hyd
Magnoliopsida,Ceratophyllaceae,Ceratophyllum demersum var. inerme,Hyd
Magnoliopsida,Ceratophyllaceae,Ceratophyllum muricatum,Hyd
Magnoliopsida,Ceratophyllaceae,Ceratophyllum platyacanthum,Hyd
Magnoliopsida,Ceratophyllaceae,Ceratophyllum submersum,Hyd
Magnoliopsida,Nelumbonaceae,Nelumbo nucifera,Hyd
Magnoliopsida,Nymphaeaceae,Nuphar advena,Hyd
Magnoliopsida,Nymphaeaceae,Nuphar lutea,Hyd
Magnoliopsida,Nymphaeaceae,Nuphar pumila,Hyd
Magnoliopsida,Nymphaeaceae,Nuphar x spenneriana,Hyd
Magnoliopsida,Nymphaeaceae,Nymphaea alba,Hyd
Magnoliopsida,Nymphaeaceae,Nymphaea alba subsp. alba,Hyd
Magnoliopsida,Nymphaeaceae,Nymphaea candida,Hyd
Magnoliopsida,Nymphaeaceae,Nymphaea lotus,Hyd
Magnoliopsida,Nymphaeaceae,Nymphaea rubra,Hyd
Magnoliopsida,Nymphaeaceae,Nymphaea sp.,
Magnoliopsida,Nymphaeaceae,Nymphaea tetragona,Hyd
Magnoliopsida,Nymphaeaceae,Nymphaea x borealis,Hyd
Magnoliopsida,Nymphaeaceae,Nymphaea x marliacea,Hyd
Marchantiopsida,Aneuraceae,Aneura pinguis,A
Marchantiopsida,Aneuraceae,Riccardia chamedryfolia,
Marchantiopsida,Aneuraceae,Riccardia multifida,SW
Marchantiopsida,Antheliaceae,Anthelia julacea,SW
Marchantiopsida,AuLacomniaceae,Aulacomnium palustre,SW
Marchantiopsida,Blepharostomataceae,Blepharostoma trichophyllum var. trichophyllum,SW
Marchantiopsida,Calypogeiaceae,Calypogeia arguta,SW
Marchantiopsida,Calypogeiaceae,Calypogeia fissa,SW
Marchantiopsida,Calypogeiaceae,Calypogeia muelleriana,
Marchantiopsida,Calypogeiaceae,Calypogeia sphagnicola,SW
Marchantiopsida,Cephaloziaceae,Cephalozia macrostachya,SW
Marchantiopsida,Cephaloziaceae,Cladopodiella fluitans,
Marchantiopsida,Conocephalaceae,Conocephalum conicum,A
Marchantiopsida,Conocephalaceae,Conocephalum salebrosum,
Marchantiopsida,Dumortieraceae,Dumortiera hirsuta,
Marchantiopsida,Gymnomitriaceae,Marsupella emarginata,SW
Marchantiopsida,Gymnomitriaceae,Marsupella emarginata var. aquatica,SW
Marchantiopsida,Gymnomitriaceae,Marsupella sphacelata,SW
Marchantiopsida,Gymnomitriaceae,Nardia compressa,
Marchantiopsida,Gymnomitriaceae,Nardia scalaris,SW
Marchantiopsida,Harpanthaceae,Harpanthus flotovianus,SW
Marchantiopsida,Hygrobiellaceae,Hygrobiella laxifolia,
Marchantiopsida,Jungermanniaceae,Jamesoniella undulifolia,SW
Marchantiopsida,Jungermanniaceae,Jungermannia atrovirens,Hyd
Marchantiopsida,Jungermanniaceae,Jungermannia exsertifolia,
Marchantiopsida,Jungermanniaceae,Jungermannia exsertifolia subsp. cordifolia,
Marchantiopsida,Jungermanniaceae,Jungermannia gracillima,SW
Marchantiopsida,Jungermanniaceae,Jungermannia hyalina,A
Marchantiopsida,Jungermanniaceae,Jungermannia obovata,
Marchantiopsida,Jungermanniaceae,Jungermannia paroica,SW
Marchantiopsida,Jungermanniaceae,Jungermannia pumila,SW
Marchantiopsida,Jungermanniaceae,Jungermannia sphaerocarpa,Hyd
Marchantiopsida,Jungermanniaceae,Tritomaria polita,
Marchantiopsida,Lophocoleaceae,Chiloscyphus pallescens,A
Marchantiopsida,Lophocoleaceae,Chiloscyphus polyanthos,Hyd
Marchantiopsida,Lophocoleaceae,Lophocolea bidentata,SW
Marchantiopsida,Lophoziaceae,Lophozia wenzelii,SW
Marchantiopsida,Lunulariaceae,Lunularia cruciata,SW
Marchantiopsida,Marchantiaceae,Marchantia paleacea,SW
Marchantiopsida,Marchantiaceae,Marchantia polymorpha,A
Marchantiopsida,Marchantiaceae,Marchantia polymorpha subsp. polymorpha,A
Marchantiopsida,Marchantiaceae,Preissia quadrata,A
Marchantiopsida,Moerckiaceae,Moerckia hibernica,SW
Marchantiopsida,Pelliaceae,Pellia endiviifolia,A
Marchantiopsida,Pelliaceae,Pellia epiphylla,Hyd
Marchantiopsida,Pelliaceae,Pellia neesiana,
Marchantiopsida,Plagiochilaceae,Plagiochila asplenioides,SW
Marchantiopsida,Porellaceae,Porella cordaeana,
Marchantiopsida,Porellaceae,Porella pinnata,SW
Marchantiopsida,Ricciaceae,Riccia fluitans,Hyd
Marchantiopsida,Ricciaceae,Riccia glauca,SW
Marchantiopsida,Ricciaceae,Riccia huebeneriana,
Marchantiopsida,Ricciaceae,Riccia rhenana,Hyd
Marchantiopsida,Ricciaceae,Ricciocarpos natans,Hyd
Marchantiopsida,Saccogynaceae,Saccogyna viticulosa,
Marchantiopsida,Scapaniaceae,Scapania irrigua,
Marchantiopsida,Scapaniaceae,Scapania paludicola,SW
Marchantiopsida,Scapaniaceae,Scapania paludosa,
Marchantiopsida,Scapaniaceae,Scapania subalpina,SW
Marchantiopsida,Scapaniaceae,Scapania uliginosa,SW
Marchantiopsida,Scapaniaceae,Scapania undulata,
Marchantiopsida,Trichocoleaceae,Trichocolea tomentella,SW
Polypodiopsida,Athyriaceae,Athyrium filix-femina,SW
Polypodiopsida,Azollaceae,Azolla caroliniana,Hyd
Polypodiopsida,Azollaceae,Azolla filiculoides,Hyd
Polypodiopsida,Azollaceae,Azolla microphylla,Hyd
Polypodiopsida,Azollaceae,Azolla sp.,
Polypodiopsida,Dryopteridaceae,Dryopteris carthusiana,H
Polypodiopsida,Marsileaceae,Marsilea aegyptiaca,Hyd
Polypodiopsida,Marsileaceae,Marsilea azorica,
Polypodiopsida,Marsileaceae,Marsilea quadrifolia,SW
Polypodiopsida,Marsileaceae,Marsilea strigosa,
Polypodiopsida,Marsileaceae,Pilularia globulifera,A
Polypodiopsida,Marsileaceae,Pilularia minuta,A
Polypodiopsida,Osmundaceae,Osmunda regalis,SW
Polypodiopsida,Polypodiaceae,Dryopteris cristata,SW
Polypodiopsida,Pteridaceae,Adiantum capillus-veneris,
Polypodiopsida,Pteridaceae,Ceratopteris thalictroides,Hyd
Polypodiopsida,Salviniaceae,Salvinia auriculata,Hyd
Polypodiopsida,Salviniaceae,Salvinia molesta,Hyd
Polypodiopsida,Salviniaceae,Salvinia natans,Hyd
Polypodiopsida,Thelypteridaceae,Thelypteris palustris,H
Rosopsida,Acanthaceae,Hygrophila polysperma,
Rosopsida,Amaranthaceae,Amaranthus blitum subsp. emarginatus,SW
Rosopsida,Apiaceae,Angelica archangelica,H
Rosopsida,Apiaceae,Angelica sylvestris,SW
Rosopsida,Apiaceae,Anthriscus sylvestris,SW
Rosopsida,Apiaceae,Apium graveolens,SW
Rosopsida,Apiaceae,Apium inundatum,
Rosopsida,Apiaceae,Apium nodiflorum,
Rosopsida,Apiaceae,Apium repens,A
Rosopsida,Apiaceae,Apium x moorei,
Rosopsida,Apiaceae,Berula erecta,A
Rosopsida,Apiaceae,Caropsis verticillatoinundata,
Rosopsida,Apiaceae,Chaerophyllum hirsutum,SW
Rosopsida,Apiaceae,Cicuta virosa,H
Rosopsida,Apiaceae,Conium maculatum,SW
Rosopsida,Apiaceae,Eryngium corniculatum,
Rosopsida,Apiaceae,Eryngium galioides,
Rosopsida,Apiaceae,Eryngium viviparum,
Rosopsida,Apiaceae,Heracleum mantegazzianum,SW
Rosopsida,Apiaceae,Laserpitium prutenicum,SW
Rosopsida,Apiaceae,Lilaeopsis attenuata,
Rosopsida,Apiaceae,Oenanthe aquatica,A
Rosopsida,Apiaceae,Oenanthe banatica,
Rosopsida,Apiaceae,Oenanthe crocata,SW
Rosopsida,Apiaceae,Oenanthe fistulosa,
Rosopsida,Apiaceae,Oenanthe fluviatilis,
Rosopsida,Apiaceae,Oenanthe lachenalii,SW
Rosopsida,Apiaceae,Oenanthe peucedanifolia,SW
Rosopsida,Apiaceae,Peucedanum palustre,SW
Rosopsida,Apiaceae,Sium latifolium,A
Rosopsida,Apiaceae,Trocdaris verticillatum,SW
Rosopsida,Araliaceae,Hydrocotyle ranunculoides,Hyd
Rosopsida,Araliaceae,Hydrocotyle vulgaris,Hyd
Rosopsida,Asteraceae,Achillea ptarmica,SW
Rosopsida,Asteraceae,Adenostyles alliariae,SW
Rosopsida,Asteraceae,Artemisia vulgaris,SW
Rosopsida,Asteraceae,Bidens cernua,H
Rosopsida,Asteraceae,Bidens connata,SW
Rosopsida,Asteraceae,Bidens frondosa,SW
Rosopsida,Asteraceae,Bidens radiata,SW
Rosopsida,Asteraceae,Bidens sp.,
Rosopsida,Asteraceae,Bidens tripartita,H
Rosopsida,Asteraceae,Carduus personata,SW
Rosopsida,Asteraceae,Cirsium arvense,SW
Rosopsida,Asteraceae,Cirsium canum,SW
Rosopsida,Asteraceae,Cirsium dissectum,SW
Rosopsida,Asteraceae,Cirsium heterophyllum,SW
Rosopsida,Asteraceae,Cirsium oleraceum,SW
Rosopsida,Asteraceae,Cirsium palustre,SW
Rosopsida,Asteraceae,Cirsium rivulare,SW
Rosopsida,Asteraceae,Cotula coronopifolia,SW
Rosopsida,Asteraceae,Crepis paludosa,
Rosopsida,Asteraceae,Eclipta prostrata,
Rosopsida,Asteraceae,Eupatorium cannabinum,SW
Rosopsida,Asteraceae,Eupatorium sp.,
Rosopsida,Asteraceae,Euthamia graminifolia,SW
Rosopsida,Asteraceae,Gnaphalium uliginosum,
Rosopsida,Asteraceae,Helianthus tuberosus,SW
Rosopsida,Asteraceae,Helichrysum luteoalbum,SW
Rosopsida,Asteraceae,Jacobaea aquatica,SW
Rosopsida,Asteraceae,Jacobaea paludosa subsp. paludosa,H
Rosopsida,Asteraceae,Pentanema britannicum,SW
Rosopsida,Asteraceae,Pentanema salicinum,SW
Rosopsida,Asteraceae,Petasites albus,SW
Rosopsida,Asteraceae,Petasites hybridus,H
Rosopsida,Asteraceae,Petasites japonicus,SW
Rosopsida,Asteraceae,Petasites paradoxus,SW
Rosopsida,Asteraceae,Pulicaria dysenterica,SW
Rosopsida,Asteraceae,Pulicaria vulgaris,SW
Rosopsida,Asteraceae,Rudbeckia laciniata,SW
Rosopsida,Asteraceae,Senecio sarracenicus,H
Rosopsida,Asteraceae,Shinnersia rivularis,Hyd
Rosopsida,Asteraceae,Solidago canadensis,SW
Rosopsida,Asteraceae,Solidago gigantea,SW
Rosopsida,Asteraceae,Sonchus arvensis,SW
Rosopsida,Asteraceae,Sonchus palustris,
Rosopsida,Asteraceae,Symphyotrichum novae-angliae,SW
Rosopsida,Asteraceae,Tanacetum vulgare,SW
Rosopsida,Asteraceae,Taraxacum palustre,SW
Rosopsida,Asteraceae,Tephroseris crispa,SW
Rosopsida,Asteraceae,Tephroseris palustris,
Rosopsida,Asteraceae,Tussilago farfara,SW
Rosopsida,Asteraceae,Xanthium strumarium,SW
Rosopsida,Asteraceae,Xanthium strumarium subsp. strumarium,SW
Rosopsida,Balsaminaceae,Impatiens capensis,SW
Rosopsida,Balsaminaceae,Impatiens glandulifera,SW
Rosopsida,Balsaminaceae,Impatiens noli-tangere,SW
Rosopsida,Boraginaceae,Myosotis laxa,
Rosopsida,Boraginaceae,Myosotis laxa subsp. cespitosa,
Rosopsida,Boraginaceae,Myosotis nemorosa,SW
Rosopsida,Boraginaceae,Myosotis scorpioides,A
Rosopsida,Boraginaceae,Myosotis scorpioides subsp. praecox,SW
Rosopsida,Boraginaceae,Myosotis secunda,
Rosopsida,Boraginaceae,Myosotis stolonifera,
Rosopsida,Boraginaceae,Symphytum officinale,SW
Rosopsida,Boraginaceae,Symphytum sp.,
Rosopsida,Brassicaceae,Barbarea intermedia,SW
Rosopsida,Brassicaceae,Barbarea stricta,A
Rosopsida,Brassicaceae,Barbarea vulgaris,SW
Rosopsida,Brassicaceae,Brassica nigra,SW
Rosopsida,Brassicaceae,Cardamine amara,A
Rosopsida,Brassicaceae,Cardamine dentata,SW
Rosopsida,Brassicaceae,Cardamine flexuosa,SW
Rosopsida,Brassicaceae,Cardamine pratensis,SW
Rosopsida,Brassicaceae,Cardamine raphanifolia,SW
Rosopsida,Brassicaceae,Cardamine resedifolia,SW
Rosopsida,Brassicaceae,Cochlearia officinalis,SW
Rosopsida,Brassicaceae,Cochlearia pyrenaica,
Rosopsida,Brassicaceae,Hesperis matronalis,SW
Rosopsida,Brassicaceae,Nasturtium microphyllum,
Rosopsida,Brassicaceae,Nasturtium officinale,A
Rosopsida,Brassicaceae,Nasturtium sp.,
Rosopsida,Brassicaceae,Nasturtium x sterile,A
Rosopsida,Brassicaceae,Rorippa amphibia,A
Rosopsida,Brassicaceae,Rorippa austriaca,A
Rosopsida,Brassicaceae,Rorippa islandica,SW
Rosopsida,Brassicaceae,Rorippa palustris,A
Rosopsida,Brassicaceae,Rorippa sylvestris,A
Rosopsida,Brassicaceae,Rorippa x anceps,A
Rosopsida,Brassicaceae,Rorippa x armoracioides,SW
Rosopsida,Brassicaceae,Subularia aquatica,
Rosopsida,Callitrichaceae,Callitriche brutia,
Rosopsida,Callitrichaceae,Callitriche brutia var. brutia,
Rosopsida,Callitrichaceae,Callitriche cophocarpa,Hyd
Rosopsida,Callitrichaceae,Callitriche cribrosa,Hyd
Rosopsida,Callitrichaceae,Callitriche hamulata,Hyd
Rosopsida,Callitrichaceae,Callitriche hermaphroditica,Hyd
Rosopsida,Callitrichaceae,Callitriche hermaphroditica subsp. macrocarpa,Hyd
Rosopsida,Callitrichaceae,Callitriche lenisulca,Hyd
Rosopsida,Callitrichaceae,Callitriche lusitanica,Hyd
Rosopsida,Callitrichaceae,Callitriche obtusangula,Hyd
Rosopsida,Callitrichaceae,Callitriche palustris,A
Rosopsida,Callitrichaceae,Callitriche platycarpa,Hyd
Rosopsida,Callitrichaceae,Callitriche pulchra,Hyd
Rosopsida,Callitrichaceae,Callitriche regis-jubae,Hyd
Rosopsida,Callitrichaceae,Callitriche sp.,
Rosopsida,Callitrichaceae,Callitriche stagnalis,A
Rosopsida,Callitrichaceae,Callitriche truncata,Hyd
Rosopsida,Callitrichaceae,Callitriche truncata subsp. fimbriata,Hyd
Rosopsida,Callitrichaceae,Callitriche truncata subsp. occidentalis,Hyd
Rosopsida,Callitrichaceae,Callitriche truncata subsp. truncata,Hyd
Rosopsida,Callitrichaceae,Callitriche x vigens,Hyd
Rosopsida,Campanulaceae,Littorella uniflora,Hyd
Rosopsida,Campanulaceae,Lobelia dortmanna,Hyd
Rosopsida,Cannabaceae,Humulus lupulus,SW
Rosopsida,Caryophyllaceae,Cerastium fontanum,SW
Rosopsida,Caryophyllaceae,Corrigiola litoralis,SW
Rosopsida,Caryophyllaceae,Dianthus superbus,SW
Rosopsida,Caryophyllaceae,Dichodon cerastoides,SW
Rosopsida,Caryophyllaceae,Sagina nodosa,SW
Rosopsida,Caryophyllaceae,Sagina procumbens,SW
Rosopsida,Caryophyllaceae,Silene baccifera,SW
Rosopsida,Caryophyllaceae,Silene dioca,SW
Rosopsida,Caryophyllaceae,Silene flos-cuculi,SW
Rosopsida,Caryophyllaceae,Stellaria alsine,SW
Rosopsida,Caryophyllaceae,Stellaria aquatica,A
Rosopsida,Caryophyllaceae,Stellaria neglecta,SW
Rosopsida,Caryophyllaceae,Stellaria nemorum,SW
Rosopsida,Caryophyllaceae,Stellaria palustris,SW
Rosopsida,Chenopodiaceae,Atriplex patula,SW
Rosopsida,Chenopodiaceae,Atriplex prostrata,SW
Rosopsida,Chenopodiaceae,Atriplex prostrata subsp. calotheca,SW
Rosopsida,Chenopodiaceae,Lipandra polysperma,SW
Rosopsida,Chenopodiaceae,Oxybasis glauca,SW
Rosopsida,Convolvulaceae,Calystegia sepium,SW
Rosopsida,Convolvulaceae,Cuscuta europaea,SW
Rosopsida,Crassulaceae,Crassula aquatica,Hyd
Rosopsida,Crassulaceae,Crassula helmsii,Hyd
Rosopsida,Crassulaceae,Sedum villosum,SW
Rosopsida,Cucurbitaceae,Echinocystis lobata,SW
Rosopsida,Dipsacaceae,Dipsacus pilosus,SW
Rosopsida,Dipsacaceae,Succisa pratensis,SW
Rosopsida,Droseraceae,Aldrovanda vesiculosa,Hyd
Rosopsida,Droseraceae,Drosera anglica,SW
Rosopsida,Droseraceae,Drosera intermedia,
Rosopsida,Droseraceae,Drosera rotundifolia,SW
Rosopsida,Elatinaceae,Bergia capensis,
Rosopsida,Elatinaceae,Elatine alsinastrum,SW
Rosopsida,Elatinaceae,Elatine ambigua,Hyd
Rosopsida,Elatinaceae,Elatine brochonii,A
Rosopsida,Elatinaceae,Elatine hexandra,
Rosopsida,Elatinaceae,Elatine hungarica,
Rosopsida,Elatinaceae,Elatine hydropiper,A
Rosopsida,Elatinaceae,Elatine macropoda,
Rosopsida,Elatinaceae,Elatine triandra,
Rosopsida,Euphorbiaceae,Euphorbia glyptosperma,SW
Rosopsida,Euphorbiaceae,Euphorbia palustris,SW
Rosopsida,Euphorbiaceae,Euphorbia stricta,SW
Rosopsida,Fabaceae,Lathyrus palustris,SW
Rosopsida,Fabaceae,Lotus pedunculatus,SW
Rosopsida,Fabaceae,Lupinus nootkatensis,
Rosopsida,Fabaceae,Melilotus altissimus,SW
Rosopsida,Fabaceae,Trifolium fragiferum,SW
Rosopsida,Fabaceae,Trifolium spadiceum,SW
Rosopsida,Gentianaceae,Centaurium pulchellum,SW
Rosopsida,Gentianaceae,Gentiana pneumonanthe,SW
Rosopsida,Gentianaceae,Swertia perennis,SW
Rosopsida,Geraniaceae,Geranium palustre,A
Rosopsida,Haloragaceae,Myriophyllum alterniflorum,Hyd
Rosopsida,Haloragaceae,Myriophyllum aquaticum,Hyd
Rosopsida,Haloragaceae,Myriophyllum heterophyllum,Hyd
Rosopsida,Haloragaceae,Myriophyllum sibiricum,Hyd
Rosopsida,Haloragaceae,Myriophyllum spicatum,Hyd
Rosopsida,Haloragaceae,Myriophyllum verrucosum,Hyd
Rosopsida,Haloragaceae,Myriophyllum verticillatum,Hyd
Rosopsida,Hippuridaceae,Hippuris tetraphylla,
Rosopsida,Hippuridaceae,Hippuris vulgaris,Hyd
Rosopsida,Hypericaceae,Hypericum elodes,
Rosopsida,Hypericaceae,Hypericum humifusum,SW
Rosopsida,Hypericaceae,Hypericum maculatum,SW
Rosopsida,Hypericaceae,Hypericum tetrapterum,
Rosopsida,Lamiaceae,Lycopus europaeus,H
Rosopsida,Lamiaceae,Lycopus exaltatus,SW
Rosopsida,Lamiaceae,Mentha aquatica,A
Rosopsida,Lamiaceae,Mentha arvensis,SW
Rosopsida,Lamiaceae,Mentha longifolia,SW
Rosopsida,Lamiaceae,Mentha pulegium,A
Rosopsida,Lamiaceae,Mentha spicata,SW
Rosopsida,Lamiaceae,Mentha x piperita,SW
Rosopsida,Lamiaceae,Mentha x rotundifolia,SW
Rosopsida,Lamiaceae,Mentha x verticillata,
Rosopsida,Lamiaceae,Scutellaria galericulata,
Rosopsida,Lamiaceae,Scutellaria hastifolia,
Rosopsida,Lamiaceae,Stachys palustris,SW
Rosopsida,Lamiaceae,Stachys sylvatica,SW
Rosopsida,Lamiaceae,Teucrium scordium,H
Rosopsida,Lentibulariaceae,Pinguicula vulgaris,
Rosopsida,Lentibulariaceae,Utricularia australis,Hyd
Rosopsida,Lentibulariaceae,Utricularia bremii,Hyd
Rosopsida,Lentibulariaceae,Utricularia gibba,Hyd
Rosopsida,Lentibulariaceae,Utricularia intermedia,Hyd
Rosopsida,Lentibulariaceae,Utricularia minor,Hyd
Rosopsida,Lentibulariaceae,Utricularia ochroleuca,Hyd
Rosopsida,Lentibulariaceae,Utricularia stygia,Hyd
Rosopsida,Lentibulariaceae,Utricularia vulgaris,Hyd
Rosopsida,Linaceae,Radiola linoides,SW
Rosopsida,Lythraceae,Lythrum hyssopifolia,
Rosopsida,Lythraceae,Lythrum junceum,
Rosopsida,Lythraceae,Lythrum portula,SW
Rosopsida,Lythraceae,Lythrum salicaria,H
Rosopsida,Lythraceae,Lythrum virgatum,SW
Rosopsida,Lythraceae,Rotala filiformis,Hyd
Rosopsida,Lythraceae,Rotala indica,Hyd
Rosopsida,Menyanthaceae,Menyanthes trifoliata,A
Rosopsida,Menyanthaceae,Nymphoides peltata,Hyd
Rosopsida,Myrsinaceae,Lysimachia maritima,
Rosopsida,Myrsinaceae,Lysimachia nemorum,SW
Rosopsida,Myrsinaceae,Lysimachia nummularia,A
Rosopsida,Myrsinaceae,Lysimachia tenella,
Rosopsida,Myrsinaceae,Lysimachia thyrsiflora,H
Rosopsida,Myrsinaceae,Lysimachia vulgaris,SW
Rosopsida,Onagraceae,Circaea alpina,
Rosopsida,Onagraceae,Circaea lutetiana,SW
Rosopsida,Onagraceae,Epilobium ciliatum,H
Rosopsida,Onagraceae,Epilobium dodonaei,SW
Rosopsida,Onagraceae,Epilobium hirsutum,H
Rosopsida,Onagraceae,Epilobium montanum,SW
Rosopsida,Onagraceae,Epilobium obscurum,SW
Rosopsida,Onagraceae,Epilobium palustre,H
Rosopsida,Onagraceae,Epilobium parviflorum,H
Rosopsida,Onagraceae,Epilobium roseum,H
Rosopsida,Onagraceae,Epilobium sp.,
Rosopsida,Onagraceae,Epilobium tetragonum,SW
Rosopsida,Onagraceae,Ludwigia grandiflora,Hyd
Rosopsida,Onagraceae,Ludwigia palustris,
Rosopsida,Onagraceae,Ludwigia peploides,Hyd
Rosopsida,Onagraceae,Ludwigia x kentiana,Hyd
Rosopsida,Onagraceae,Oenothera biennis,
Rosopsida,Orobanchaceae,Pedicularis palustris,SW
Rosopsida,Orobanchaceae,Pedicularis sceptrum-carolinum,SW
Rosopsida,Orobanchaceae,Pedicularis sylvatica,SW
Rosopsida,Parnassiaceae,Parnassia palustris,SW
Rosopsida,Plantaginaceae,Plantago major subsp. intermedia,SW
Rosopsida,Plantaginaceae,Plantago maritima,SW
Rosopsida,Polygalaceae,Polygala serpyllifolia,SW
Rosopsida,Polygonaceae,Fallopia dumetorum,SW
Rosopsida,Polygonaceae,Persicaria amphibia,Hyd
Rosopsida,Polygonaceae,Persicaria foliosa,
Rosopsida,Polygonaceae,Persicaria hydropiper,A
Rosopsida,Polygonaceae,Persicaria lapathifolia,H
Rosopsida,Polygonaceae,Persicaria maculosa,SW
Rosopsida,Polygonaceae,Persicaria minor,A
Rosopsida,Polygonaceae,Persicaria mitis,A
Rosopsida,Polygonaceae,Reynoutria japonica,SW
Rosopsida,Polygonaceae,Reynoutria sachalinensis,SW
Rosopsida,Polygonaceae,Reynoutria x bohemica,SW
Rosopsida,Polygonaceae,Rumex aquaticus,H
Rosopsida,Polygonaceae,Rumex conglomeratus,SW
Rosopsida,Polygonaceae,Rumex crispus,H
Rosopsida,Polygonaceae,Rumex hydrolapathum,H
Rosopsida,Polygonaceae,Rumex maritimus,H
Rosopsida,Polygonaceae,Rumex obtusifolius,SW
Rosopsida,Polygonaceae,Rumex palustris,H
Rosopsida,Polygonaceae,Rumex sanguineus,SW
Rosopsida,Polygonaceae,Rumex sp.,
Rosopsida,Polygonaceae,Rumex stenophyllus,H
Rosopsida,Polygonaceae,Rumex triangulivalvis,SW
Rosopsida,Polygonaceae,Rumex x acutus,SW
Rosopsida,PortuLacaceae,Montia arvensis,Hyd
Rosopsida,PortuLacaceae,Montia fontana,Hyd
Rosopsida,PortuLacaceae,Montia fontana subsp. amporitana,Hyd
Rosopsida,PortuLacaceae,Montia fontana subsp. fontana,Hyd
Rosopsida,PortuLacaceae,Montia fontana subsp. variabilis,Hyd
Rosopsida,Primulaceae,Hottonia palustris,Hyd
Rosopsida,Primulaceae,Primula farinosa,SW
Rosopsida,Ranunculaceae,Aconitum napellus,SW
Rosopsida,Ranunculaceae,Aconitum variegatum,SW
Rosopsida,Ranunculaceae,Caltha palustris,A
Rosopsida,Ranunculaceae,Caltha sp.,
Rosopsida,Ranunculaceae,Ranunculus aconitifolius,SW
Rosopsida,Ranunculaceae,Ranunculus aquatilis,Hyd
Rosopsida,Ranunculaceae,Ranunculus aquatilis var. aquatilis,Hyd
Rosopsida,Ranunculaceae,Ranunculus batrachioides,
Rosopsida,Ranunculaceae,Ranunculus baudotii,Hyd
Rosopsida,Ranunculaceae,Ranunculus circinatus,Hyd
Rosopsida,Ranunculaceae,Ranunculus confervoides,Hyd
Rosopsida,Ranunculaceae,Ranunculus flammula,
Rosopsida,Ranunculaceae,Ranunculus flammula subsp. flammula,
Rosopsida,Ranunculaceae,Ranunculus flammula subsp. minimus,
Rosopsida,Ranunculaceae,Ranunculus fluitans,Hyd
Rosopsida,Ranunculaceae,Ranunculus hederaceus,A
Rosopsida,Ranunculaceae,Ranunculus hyperboreus,Hyd
Rosopsida,Ranunculaceae,Ranunculus lingua,A
Rosopsida,Ranunculaceae,Ranunculus minimus,
Rosopsida,Ranunculaceae,Ranunculus ololeucos,Hyd
Rosopsida,Ranunculaceae,Ranunculus omiophyllus,Hyd
Rosopsida,Ranunculaceae,Ranunculus peltatus,Hyd
Rosopsida,Ranunculaceae,Ranunculus peltatus subsp. peltatus,Hyd
Rosopsida,Ranunculaceae,Ranunculus penicillatus,Hyd
Rosopsida,Ranunculaceae,Ranunculus penicillatus subsp. penicillatus,Hyd
Rosopsida,Ranunculaceae,Ranunculus polyphyllus,Hyd
Rosopsida,Ranunculaceae,Ranunculus pseudofluitans,Hyd
Rosopsida,Ranunculaceae,Ranunculus repens,A
Rosopsida,Ranunculaceae,Ranunculus reptans,A
Rosopsida,Ranunculaceae,Ranunculus rionii,Hyd
Rosopsida,Ranunculaceae,Ranunculus saniculifolius,Hyd
Rosopsida,Ranunculaceae,Ranunculus sardous,A
Rosopsida,Ranunculaceae,Ranunculus sceleratus,A
Rosopsida,Ranunculaceae,Ranunculus sceleratus subsp. reptabundus,Hyd
Rosopsida,Ranunculaceae,Ranunculus sp.,
Rosopsida,Ranunculaceae,Ranunculus sphaerospermus,Hyd
Rosopsida,Ranunculaceae,Ranunculus trichophyllus,Hyd
Rosopsida,Ranunculaceae,Ranunculus trichophyllus subsp. trichophyllus,Hyd
Rosopsida,Ranunculaceae,Ranunculus tripartitus,Hyd
Rosopsida,Ranunculaceae,Ranunculus vertumnus,
Rosopsida,Ranunculaceae,Ranunculus x bachii,Hyd
Rosopsida,Ranunculaceae,Ranunculus x glueckii,Hyd
Rosopsida,Ranunculaceae,Ranunculus x kelchoensis,Hyd
Rosopsida,Ranunculaceae,Ranunculus x levenensis,
Rosopsida,Ranunculaceae,Ranunculus x novae-forestae,Hyd
Rosopsida,Ranunculaceae,Ranunculus x segretii,Hyd
Rosopsida,Ranunculaceae,Thalictrum aquilegiifolium,SW
Rosopsida,Ranunculaceae,Thalictrum flavum,SW
Rosopsida,Ranunculaceae,Trollius europaeus,SW
Rosopsida,Rosaceae,Argentina anserina,SW
Rosopsida,Rosaceae,Comarum palustre,SW
Rosopsida,Rosaceae,Filipendula ulmaria,SW
Rosopsida,Rosaceae,Geum rivale,SW
Rosopsida,Rosaceae,Potentilla erecta,SW
Rosopsida,Rosaceae,Potentilla supina,SW
Rosopsida,Rubiaceae,Galium aparine,SW
Rosopsida,Rubiaceae,Galium elongatum,SW
Rosopsida,Rubiaceae,Galium palustre,A
Rosopsida,Rubiaceae,Galium saxatile,SW
Rosopsida,Rubiaceae,Galium trifidum,SW
Rosopsida,Rubiaceae,Galium uliginosum,SW
Rosopsida,Rubiaceae,Galium x neglectum,SW
Rosopsida,Samolaceae,Samolus valerandi,
Rosopsida,Saxifragaceae,Chrysosplenium alternifolium,SW
Rosopsida,Saxifragaceae,Chrysosplenium oppositifolium,SW
Rosopsida,Saxifragaceae,Micranthes stellaris,
Rosopsida,Saxifragaceae,Saxifraga aizoides,
Rosopsida,Saxifragaceae,Saxifraga mutata,SW
Rosopsida,Scrophulariaceae,Bacopa monnieri,
Rosopsida,Scrophulariaceae,Scrophularia auriculata,
Rosopsida,Scrophulariaceae,Scrophularia nodosa,SW
Rosopsida,Scrophulariaceae,Scrophularia oblongifolia,
Rosopsida,Scrophulariaceae,Sibthorpia europaea,
Rosopsida,Solanaceae,Solanum dulcamara,SW
Rosopsida,Tamaricaceae,Myricaria germanica,
Rosopsida,Tamaricaceae,Tamarix ramosissima,
Rosopsida,Trapaceae,Trapa natans,Hyd
Rosopsida,Valerianaceae,Valeriana dioica,SW
Rosopsida,Valerianaceae,Valeriana excelsa,SW
Rosopsida,Valerianaceae,Valeriana officinalis,SW
Rosopsida,Veronicaceae,Erythranthe guttata,H
Rosopsida,Veronicaceae,Erythranthe moschata,SW
Rosopsida,Veronicaceae,Erythranthe x robertsii,
Rosopsida,Veronicaceae,Gratiola linifolia,
Rosopsida,Veronicaceae,Gratiola neglecta,
Rosopsida,Veronicaceae,Gratiola officinalis,SW
Rosopsida,Veronicaceae,Limosella aquatica,A
Rosopsida,Veronicaceae,Limosella australis,
Rosopsida,Veronicaceae,Lindernia dubia,
Rosopsida,Veronicaceae,Lindernia procumbens,
Rosopsida,Veronicaceae,Mimulus ringens,H
Rosopsida,Veronicaceae,Veronica anagallis-aquatica,A
Rosopsida,Veronicaceae,Veronica anagalloides,A
Rosopsida,Veronicaceae,Veronica beccabunga,A
Rosopsida,Veronicaceae,Veronica catenata,A
Rosopsida,Veronicaceae,Veronica filiformis,SW
Rosopsida,Veronicaceae,Veronica longifolia,
Rosopsida,Veronicaceae,Veronica montana,SW
Rosopsida,Veronicaceae,Veronica scutellata,
Rosopsida,Veronicaceae,Veronica x lackschewitzii,
Rosopsida,Violaceae,Viola elatior,SW
Rosopsida,Violaceae,Viola palustris,SW
Rosopsida,Violaceae,Viola stagnina,
Sphenopsida,Equisetaceae,Equisetum arvense,SW
Sphenopsida,Equisetaceae,Equisetum fluviatile,A
Sphenopsida,Equisetaceae,Equisetum hyemale,SW
Sphenopsida,Equisetaceae,Equisetum palustre,A
Sphenopsida,Equisetaceae,Equisetum pratense,SW
Sphenopsida,Equisetaceae,Equisetum sylvaticum,SW
Sphenopsida,Equisetaceae,Equisetum telmateia,SW
Sphenopsida,Equisetaceae,Equisetum variegatum,H
Sphenopsida,Equisetaceae,Equisetum x litorale,SW
