TAXON_NAME,RMNI
Acorus calamus,9.49
Alisma lanceolatum,8.47
Alisma plantago-aquatica,7.82
Anthelia julacea,2.7
Apium inundatum,4.34
Apium nodiflorum,8.64
Azolla filiculoides,9.71
Baldellia ranunculoides,4.34
Batrachospermum sp(p),5.46
Berula erecta,8.24
Bidens cernua,8.13
Bidens tripartita,8.39
Blindia acuta,1.09
Blue-green algal scum/pelts,5.1
Bolboschoenus maritimus,7.65
Brachythecium plumosum,2.92
Brachythecium rivulare,3.56
Bryum alpinum,3.83
Bryum dixonii,5.22
Bryum pseudotriquetrum,2.71
Butomus umbellatus,8.89
Calliergon cuspidatum,3.49
Callitriche brutia var hamulata,4.51
Callitriche hermaphroditica,5.75
Callitriche obtusangula,8.04
Callitriche platycarpa,7.56
Callitriche spp.,6.67
Callitriche stagnalis,6.47
Callitriche stagnalis/platycarpa,6.21
Callitriche truncata,6.47
Caltha palustris,4.2
Carex acuta,7.19
Carex acutiformis,8.21
Carex aquatilis,3.9
Carex elata,4.54
Carex lasiocarpa,3.41
Carex paniculata,7.49
Carex recta,5.42
Carex riparia,9.06
Carex rostrata,2.64
Carex vesicaria,3.68
Catabrosa aquatica,8.7
Ceratophyllum demersum,9.73
Chaetophora sp.,NA
Chara globularis,3.3
Chara sp.,3.85
Chara vulgaris,3.77
Chiloscyphus pallescens,4.78
Chiloscyphus polyanthos,4.05
Cinclidotus fontinaloides,5.37
Cladophora aegagropila,5.66
Cladophora glomerata,7.5
Cladophora glomerata/Rhizoclonium hieroglyphicum,8.66
Collema dichotomum,4.42
Cratoneuron filicinum,5.02
Dermatocarpon spp. (aggregated),3.51
Dichodontium flavescens,2.94
Dichodontium palustris,1.68
Dichodontium pellucidum,3.07
Draparnaldia,3.04
Drepanocladus fluitans,3.73
Elatine hexandra,4.17
Eleocharis acicularis,5.35
Eleocharis palustris,4.54
Eleogiton fluitans,2.06
Elodea canadensis,7.65
Elodea nuttallii,9.44
Equisetum fluviatile,3.92
Filamentous green algae,7.61
Fisidens polyphyllus,3.84
Fissidens crassipes,6.2
Fissidens curnovii,3.94
Fissidens osmundoides,3.06
Fissidens rivularis,5.95
Fissidens rufulus,4.7
Fissidens serrulatus,5.27
Fissidens sp. (aggregated),5.8
Fissidens viridulus,4.66
Fontinalis antipyretica,5.4
Fontinalis squamosa,3.66
Glyceria declinata,6.66
Glyceria fluitans,5.25
Glyceria fluitans agg,5.81
Glyceria maxima,9.64
Glyceria notata,8.28
Glyceria x pedicillata,7.12
Gongrosira incrustans,7.46
Groenlandia densa,7.96
Heribaudiella fluviatilis,5.49
Hildenbrandia rivularis,6.03
Hippuris vulgaris,5.94
Hottonia palustris,6.93
Hydrocharis morsus-ranae,8.77
Hydrodictyon reticulatum,8.79
Hygroamblystegium fluviatile,5.41
Hygroamblystegium sp.,6.55
Hygroamblystegium tenax,5.27
Hygrobiella laxifolia,2.76
Hygrohypnum duriusculum,3.33
Hygrohypnum eugyrium,4.28
Hygrohypnum luridum,2.8
Hygrohypnum ochraceum,2.96
Hyocomium armoricum,1.96
Hypericum elodes,2.66
Iris pseudacorus,6.92
Isoetes lacustris,3.02
Juncus articulatus,3.1
Juncus bulbosus,1.89
Jungermannia atrovirens,2.28
Jungermannia exsertifolia,3.87
Jungermannia obovata,2.97
Jungermannia paroica,4
Jungermannia pumila,3.29
Jungermannia sp.,2.41
Jungermannia sphaerocarpa,3.08
Lemanea fluviatilis,4.51
Lemanea sp(p.),4.53
Lemna gibba,10
Lemna minor,8.8
Lemna minuta,9.21
Lemna sp.,7.6
Lemna trisulca,8.21
Leptodictyon riparium,7.57
Littorella uniflora,1.96
Lobelia dortmanna,2.72
Luronium natans,4.37
Lythrum salicaria,7.33
Marsupella aquatica,3.17
Marsupella emarginata,1.06
Marsupella sp.,1.24
Mentha aquatica,6.27
Menyanthes trifoliata,3.14
Mimulus guttatus,5.79
Mimulus sp./hybrid,5.6
Monostroma sp.,6.86
Montia fontana,3.35
Myosotis laxa,4.82
Myosotis scorpioides,6.83
Myosotis secunda,4.74
Myosotis sp(p).,7
Myriophyllum alterniflorum,3.44
Myriophyllum spicatum,8.26
Myriophyllum spp indet,5.89
Myriophyllum verticillatum,7.53
Nardia compressa,1.05
Nardia scalaris,2.73
Nardia sp.,1.4
Nitella flexilis (agg.),4.39
Nitella opaca,4.31
Nitella sp,4.59
Nitella translucens,4.17
Nostoc commune,5.14
Nostoc parmelioides,4.12
Nostoc sp,4.66
Nostoc verrucosum,4.71
Nuphar lutea,8.42
Nymphaea alba,5.69
Nymphoides peltata,9.37
Octodiceras fontanum,6.54
Oenanthe aquatica,6.06
Oenanthe crocata,6.22
Oenanthe fistulosa,8.27
Oenanthe fluviatilis,8.57
Orthotrichum rivulare,4.71
Palustriella commutata,4.61
Pellia endiviifolia,6.5
Pellia epiphylla,3.34
Pellia sp.,4.67
Persicaria amphibia,8.2
Persicaria hydropiper,6.97
Phalaris arundinacea,7.52
Philonotis caespitosa,2.74
Philonotis fontana,2.66
Phragmites australis,7.7
Platyhypnidium lusitanicum,4.35
Platyhypnidium riparioides,5.16
Porella cordaeana,4.95
Porella pinnata,4.91
Potamogeton alpinus,4.96
Potamogeton berchtoldii,7.35
Potamogeton compressus,8.33
Potamogeton crispus,8.02
Potamogeton filiformis,6
Potamogeton friesii,8.19
Potamogeton gramineus,4.24
Potamogeton lucens,8.54
Potamogeton natans,5.69
Potamogeton nodosus,7.05
Potamogeton obtusifolius,5.84
Potamogeton pectinatus,9.59
Potamogeton perfoliatus,8.16
Potamogeton polygonifolius,1.71
Potamogeton praelongus,7.81
Potamogeton pusillus,7.47
Potamogeton trichoides,7.24
Potamogeton x bottnicus,6.41
Potamogeton x cooperi,6.07
Potamogeton x fluitans,6.51
Potamogeton x gessnacensis,3.88
Potamogeton x lanceolatus,4.24
Potamogeton x nitens,6.17
Potamogeton x olivaceus,5.44
Potamogeton x salicifolius,6.36
Potamogeton x sparganifolius,3.87
Potamogeton x suecicus,6.02
Potamogeton x zizzii,4.19
Potentilla palustris,2.88
Racomitrium aciculare,1.89
Ranunculus (sect Batrachian) sp or hybird indet1,7.33
Ranunculus (sect Batrachian) sp or hybird indet2,7.33
Ranunculus (sect Batrachian) sp or hybird indet3,7.33
Ranunculus aquatilis var aquatilis,5.67
Ranunculus aquatilis var diffusus,7.65
Ranunculus circinatus,9.42
Ranunculus flammula,2.56
Ranunculus fluitans,7.97
Ranunculus hederaceus,5.47
Ranunculus omiophyllus,3.43
Ranunculus peltatus var baudotii,9.06
Ranunculus peltatus var peltatus,6.22
Ranunculus penicillatus,8.25
Ranunculus penicillatus ssp. penicillatus,6.29
Ranunculus penicillatus ssp. pseudofluitans,7.92
Ranunculus penicillatus subsp vertumnus,5.87
Ranunculus sceleratus,9.86
Rhodochorton violaceum,4.14
Riccardia chamaedryfolia,4.91
Riccardia multifida,5.25
Riccia sp.,4.86
Rivularia,4.77
Rorippa amphibia,9.2
Rorippa nasturtium-aquaticum,8.42
Rorippa palustris,7.32
Rumex hydrolapathum,8.65
Sagittaria sagittifolia,9.24
Scapania sp. (aggregated),2.14
Scapania subalpina,3.21
Scapania uliginosa,2.66
Scapania undulata,2.05
Schistidium agassizii,2.23
Schistidium rivulare,5.16
Schoenoplectus lacustris,8.44
Schoenoplectus tabernaemontani,7.43
Scirpus sylvaticus,6.45
Scorpidium revolvens,4.29
Sium latifolium,7.08
Sparganium angustifolium,2.26
Sparganium emersum,8.32
Sparganium erectum,8.34
Sparganium natans,3.59
Sparganium sp.,4.11
Sphagnum denticulatum,4.84
Sphagnum sp(p),1.07
Spirodela polyrhiza,8.99
Spirogyra,6.45
Stigeoclonium tenue,6.62
Stigonema sp,4.32
Tetraspora lubrica/gelatinosa,6.72
Thamnobryum alopecurum,4.22
Tolypothrix penicillata,2.96
Triglochin palustris,4.07
Typha angustifolia,7.57
Typha latifolia,8.87
Ulva flexuosa,9.52
Utricularia intermedia,2.74
Utricularia minor,3.77
Utricularia sp,3.23
Utricularia vulgaris s.l.,3.72
Vaucheria sp(p),8.41
Veronica anagallis-aquatica,8.45
Veronica beccabunga,7.31
Veronica catenata,9.32
Veronica catenata x anagallis-aquatica,8.34
Veronica scutellata,2.35
Zannichellia palustris,9.01
Zygnematalean alga,6.45
